Index Name,Date,Year,Month ,Open,High,Low,Close,Volume
NIFTY ALPHA 50,01-Mar-19,2019,3,11697.4,11766.3,11695.7,11754.6,61925384
NIFTY ALPHA 50,05-Mar-19,2019,3,11768.8,11863.8,11751.5,11856.5,72608382
NIFTY ALPHA 50,06-Mar-19,2019,3,11914.9,11932.1,11832.4,11880.2,76211150
NIFTY ALPHA 50,07-Mar-19,2019,3,11899.7,11934.4,11816.9,11835.35,71578002
NIFTY ALPHA 50,08-Mar-19,2019,3,11846.45,11869.35,11794.8,11820.1,54457743
NIFTY ALPHA 50,11-Mar-19,2019,3,11841.55,11972.55,11838.2,11961.15,72704259
NIFTY ALPHA 50,12-Mar-19,2019,3,12023.15,12101.85,12011.9,12031.8,88580761
NIFTY ALPHA 50,13-Mar-19,2019,3,12060.65,12075.85,11965.4,11975.4,78544911
NIFTY ALPHA 50,14-Mar-19,2019,3,12019.5,12023.5,11920.5,11943.4,66038650
NIFTY ALPHA 50,15-Mar-19,2019,3,11987.9,12029.35,11946.05,11968.55,122031101
NIFTY ALPHA 50,18-Mar-19,2019,3,12033.55,12044.95,11920.05,11950.2,77438490
NIFTY ALPHA 50,19-Mar-19,2019,3,11996.7,12021.2,11942.85,12002,74626246
NIFTY ALPHA 50,20-Mar-19,2019,3,12031.6,12081.3,12000,12012.95,92979068
NIFTY ALPHA 50,22-Mar-19,2019,3,12033.4,12057.9,11928.9,11954.6,73671357
NIFTY ALPHA 50,25-Mar-19,2019,3,11888.4,11888.65,11810.8,11834.1,63478670
NIFTY ALPHA 50,26-Mar-19,2019,3,11864.45,11940.9,11832.3,11932.85,68920615
NIFTY ALPHA 50,27-Mar-19,2019,3,11962,11973.8,11882.3,11917.2,75818056
NIFTY ALPHA 50,28-Mar-19,2019,3,11938.1,12131.85,11931.65,12105.65,123476812
NIFTY ALPHA 50,29-Mar-19,2019,3,12159.05,12202.1,12140.8,12187.9,111206773
NIFTY ALPHA 50,01-Apr-19,2019,4,12225.3,12282.35,12192.25,12210.65,96577622
NIFTY ALPHA 50,02-Apr-19,2019,4,12246.5,12256.45,12167.85,12220.65,90265633
NIFTY ALPHA 50,03-Apr-19,2019,4,12248.6,12277.7,12150.4,12169.15,79412602
NIFTY ALPHA 50,04-Apr-19,2019,4,12186.65,12187.25,12074.6,12135.55,87253498
NIFTY ALPHA 50,05-Apr-19,2019,4,12169.9,12230.95,12151.8,12213.05,84413198
NIFTY ALPHA 50,08-Apr-19,2019,4,12225.65,12241.2,12065.85,12131.95,75500146
NIFTY ALPHA 50,09-Apr-19,2019,4,12132.4,12191.7,12062.3,12173.5,82493793
NIFTY ALPHA 50,10-Apr-19,2019,4,12176.6,12214.45,12147.8,12159.65,92551505
NIFTY ALPHA 50,11-Apr-19,2019,4,12161.1,12184.15,12110.8,12172.2,81901374
NIFTY ALPHA 50,12-Apr-19,2019,4,12177.6,12245.35,12160.4,12228.7,105791330
NIFTY ALPHA 50,15-Apr-19,2019,4,12259.8,12285.7,12220.25,12268,123813923
NIFTY ALPHA 50,16-Apr-19,2019,4,12296.35,12323.7,12287.2,12306,99589556
NIFTY ALPHA 50,18-Apr-19,2019,4,12334.7,12349.45,12240.9,12276.1,133350620
NIFTY ALPHA 50,22-Apr-19,2019,4,12248.9,12248.9,12131.8,12143.9,73289979
NIFTY ALPHA 50,23-Apr-19,2019,4,12161.55,12185.25,12117.25,12154.45,69017710
NIFTY ALPHA 50,24-Apr-19,2019,4,12178.35,12315.3,12173.65,12296.1,80556078
NIFTY ALPHA 50,25-Apr-19,2019,4,12317.4,12348.75,12219.45,12234.25,107870438
NIFTY ALPHA 50,26-Apr-19,2019,4,12276.7,12288.25,12195.55,12243.75,95636328
NIFTY ALPHA 50,30-Apr-19,2019,4,12250.4,12258.75,12150.5,12250.9,110749370
NIFTY ALPHA 50,02-May-19,2019,5,12248.5,12296,12150.9,12172.5,95384667
NIFTY ALPHA 50,03-May-19,2019,5,12161.2,12183.7,12052.7,12064.9,83662660
NIFTY ALPHA 50,06-May-19,2019,5,11963.8,12018.85,11902.8,11919.45,73332524
NIFTY ALPHA 50,07-May-19,2019,5,11948.65,11972.6,11804.1,11816.5,77207849
NIFTY ALPHA 50,08-May-19,2019,5,11788.9,11793.05,11666.85,11679.3,84416168
NIFTY ALPHA 50,09-May-19,2019,5,11661.95,11695.7,11608.1,11665.85,88037764
NIFTY ALPHA 50,10-May-19,2019,5,11670.8,11734.4,11630.55,11688.55,77827419
NIFTY ALPHA 50,13-May-19,2019,5,11675.9,11689.95,11548.1,11566.85,71196451
NIFTY ALPHA 50,14-May-19,2019,5,11553.5,11613.85,11471.7,11560.9,103667762
NIFTY ALPHA 50,15-May-19,2019,5,11577.85,11634.3,11541.2,11553.2,88184442
NIFTY ALPHA 50,16-May-19,2019,5,11561.05,11694,11514.05,11663.9,78670457
NIFTY ALPHA 50,17-May-19,2019,5,11676.1,11806.9,11652.25,11794.15,114621836
NIFTY ALPHA 50,20-May-19,2019,5,12048.8,12151.75,11923.35,12129.4,149847648
NIFTY ALPHA 50,21-May-19,2019,5,12159.7,12229.35,12112.95,12147.9,125402991
NIFTY ALPHA 50,22-May-19,2019,5,12167,12171.8,12067.3,12151.15,97810062
NIFTY ALPHA 50,23-May-19,2019,5,12296.1,12330.65,12039.25,12069.1,147922162
NIFTY ALPHA 50,24-May-19,2019,5,12122.25,12180.6,12036.9,12159.5,108028852
NIFTY ALPHA 50,27-May-19,2019,5,12185.05,12185.5,12118.2,12153.95,104488047
NIFTY ALPHA 50,28-May-19,2019,5,12193.4,12201.15,12125.15,12174.4,200586411
NIFTY ALPHA 50,29-May-19,2019,5,12166.05,12179.05,12120.7,12157.75,90376770
NIFTY ALPHA 50,30-May-19,2019,5,12183.95,12319.2,12176.7,12295.55,144471731
NIFTY ALPHA 50,31-May-19,2019,5,12329.4,12413.95,12271.6,12315.5,136092017
NIFTY ALPHA 50,03-Jun-19,2019,6,12328.95,12522.5,12286.7,12504.35,94714756
NIFTY ALPHA 50,04-Jun-19,2019,6,12470.5,12513.7,12427.6,12437.7,100266139
NIFTY ALPHA 50,06-Jun-19,2019,6,12461.3,12461.3,12323.45,12337.8,102286989
NIFTY ALPHA 50,07-Jun-19,2019,6,12343.2,12379.65,12238.6,12359.4,79010408
NIFTY ALPHA 50,10-Jun-19,2019,6,12411,12502.55,12407.3,12469.85,72276095
NIFTY ALPHA 50,11-Jun-19,2019,6,12496,12514.2,12425.15,12494.15,72926633
NIFTY ALPHA 50,12-Jun-19,2019,6,12493.6,12496.9,12427.25,12445.95,80547984
NIFTY ALPHA 50,13-Jun-19,2019,6,12433.65,12454.3,12342.55,12435.65,75939102
NIFTY ALPHA 50,14-Jun-19,2019,6,12428.9,12450.1,12304.1,12330.85,74724739
NIFTY ALPHA 50,17-Jun-19,2019,6,12343.35,12345.9,12205.2,12217.85,71075511
NIFTY ALPHA 50,18-Jun-19,2019,6,12226.2,12237.5,12138.7,12189.5,76684879
NIFTY ALPHA 50,19-Jun-19,2019,6,12240.05,12282.2,12061.8,12119.4,86695286
NIFTY ALPHA 50,20-Jun-19,2019,6,12063.05,12238.45,12024.1,12222.8,88851647
NIFTY ALPHA 50,21-Jun-19,2019,6,12223.8,12235.65,12165.55,12199.85,117437082
NIFTY ALPHA 50,24-Jun-19,2019,6,12207.25,12242.35,12163.2,12232.75,67553060
NIFTY ALPHA 50,25-Jun-19,2019,6,12224.85,12313.35,12183.1,12307.2,93869062
NIFTY ALPHA 50,26-Jun-19,2019,6,12294.2,12351.3,12275.8,12327.1,75794014
NIFTY ALPHA 50,27-Jun-19,2019,6,12338.25,12382.95,12308.4,12366.25,109017845
NIFTY ALPHA 50,28-Jun-19,2019,6,12401.65,12406.9,12342.3,12373.9,184893067
NIFTY ALPHA 50,01-Jul-19,2019,7,12428.95,12593.2,12380.65,12578.05,162976820
NIFTY ALPHA 50,02-Jul-19,2019,7,12622.25,12729.15,12555,12717.25,214477712
NIFTY ALPHA 50,03-Jul-19,2019,7,12735.75,12745.3,12684.7,12725.9,141222848
NIFTY ALPHA 50,04-Jul-19,2019,7,12743.7,12793.65,12728.4,12747.6,125175238
NIFTY ALPHA 50,05-Jul-19,2019,7,12762.9,12773.35,12533.2,12552.1,143569399
NIFTY ALPHA 50,08-Jul-19,2019,7,12499.75,12510.5,12219.15,12265,131590538
NIFTY ALPHA 50,09-Jul-19,2019,7,12230.3,12408.45,12140.7,12393.4,208062468
NIFTY ALPHA 50,10-Jul-19,2019,7,12375.1,12400.9,12197.1,12213.05,168176156
NIFTY ALPHA 50,11-Jul-19,2019,7,12253.55,12283.55,12180.6,12252.4,140670354
NIFTY ALPHA 50,12-Jul-19,2019,7,12276.8,12338.85,12242.6,12267.6,224461047
NIFTY ALPHA 50,15-Jul-19,2019,7,12304.95,12319.45,12157.25,12246.1,139713242
NIFTY ALPHA 50,16-Jul-19,2019,7,12260.65,12398.95,12225.9,12388.4,169098733
NIFTY ALPHA 50,17-Jul-19,2019,7,12372.9,12410.1,12324.5,12373.7,164092865
NIFTY ALPHA 50,18-Jul-19,2019,7,12374.5,12397.3,12249.5,12263.65,179911199
NIFTY ALPHA 50,19-Jul-19,2019,7,12299.3,12327.05,11998.85,12037.1,174032466
NIFTY ALPHA 50,22-Jul-19,2019,7,12005.05,12009.85,11850.3,11974.65,166926467
NIFTY ALPHA 50,23-Jul-19,2019,7,12004.5,12032,11928.05,11992.25,157663820
NIFTY ALPHA 50,24-Jul-19,2019,7,12020.6,12048.3,11837.8,11879.1,137211436
NIFTY ALPHA 50,25-Jul-19,2019,7,11909.35,11970.5,11838.7,11918.3,175779789
NIFTY ALPHA 50,26-Jul-19,2019,7,11893.9,12044.85,11844.85,12026.3,131599823
NIFTY ALPHA 50,29-Jul-19,2019,7,12054.15,12068.5,11942.65,11989.65,164292713
NIFTY ALPHA 50,30-Jul-19,2019,7,12009.3,12074.95,11804.65,11825.6,174889655
NIFTY ALPHA 50,31-Jul-19,2019,7,11791.2,11874.8,11646.9,11855.55,207167290
NIFTY ALPHA 50,01-Aug-19,2019,8,11809.75,11883.05,11642.65,11730.65,200219691
NIFTY ALPHA 50,02-Aug-19,2019,8,11691.75,11843.15,11580.85,11757.85,229755469
NIFTY ALPHA 50,05-Aug-19,2019,8,11676.7,11676.95,11485.8,11573.45,199616967
NIFTY ALPHA 50,06-Aug-19,2019,8,11523.65,11821.85,11522.55,11806.6,182539352
NIFTY ALPHA 50,07-Aug-19,2019,8,11823.6,11928.25,11717.2,11730.6,168484377
NIFTY ALPHA 50,08-Aug-19,2019,8,11787.95,11910.2,11697.05,11882.25,192778140
NIFTY ALPHA 50,09-Aug-19,2019,8,11941.1,12041.05,11924.35,11954.65,150752841
NIFTY ALPHA 50,13-Aug-19,2019,8,11963.2,11963.5,11661.95,11683.65,187261075
NIFTY ALPHA 50,14-Aug-19,2019,8,11761.6,11800.8,11664.55,11787.25,141047872
NIFTY ALPHA 50,16-Aug-19,2019,8,11769.1,11854.5,11712.35,11843.6,133942521
NIFTY ALPHA 50,19-Aug-19,2019,8,11884.45,11954.6,11861.4,11882.35,115066961
NIFTY ALPHA 50,20-Aug-19,2019,8,11885.6,11893.05,11746.9,11804.8,130118801
NIFTY ALPHA 50,21-Aug-19,2019,8,11792.85,11812.15,11615.3,11632.25,127171963
NIFTY ALPHA 50,22-Aug-19,2019,8,11625.2,11637.4,11431.7,11449.65,143786603
NIFTY ALPHA 50,23-Aug-19,2019,8,11420.95,11589.85,11292.75,11553.5,174855264
NIFTY ALPHA 50,26-Aug-19,2019,8,11739.3,11779.45,11485.75,11764.9,207708550
NIFTY ALPHA 50,27-Aug-19,2019,8,11831.65,11905.75,11806.75,11872.05,212244187
NIFTY ALPHA 50,28-Aug-19,2019,8,11891.8,11955.8,11762.25,11801.8,150111748
NIFTY ALPHA 50,29-Aug-19,2019,8,11783.15,11791.25,11636.25,11687.85,199313056
NIFTY ALPHA 50,30-Aug-19,2019,8,11717.3,11830.6,11659.65,11809.1,185187570
NIFTY ALPHA 50,03-Sep-19,2019,9,11750.75,11822.1,11592.9,11623.25,134926740
NIFTY ALPHA 50,04-Sep-19,2019,9,11634.45,11657.3,11505.35,11633.75,152081662
NIFTY ALPHA 50,05-Sep-19,2019,9,11674.3,11717.55,11630.8,11670.05,137873512
NIFTY ALPHA 50,06-Sep-19,2019,9,11714.3,11763.95,11695.1,11752.3,143778692
NIFTY ALPHA 50,09-Sep-19,2019,9,11747.65,11893.85,11715.7,11885.8,138289523
NIFTY ALPHA 50,11-Sep-19,2019,9,11894.45,11952.7,11874.45,11925.4,167850463
NIFTY ALPHA 50,12-Sep-19,2019,9,11972.75,11998.5,11857.85,11877.35,135763806
NIFTY ALPHA 50,13-Sep-19,2019,9,11919.65,12002.75,11823.9,11995.6,143246623
NIFTY ALPHA 50,16-Sep-19,2019,9,11943.35,12047.35,11918.7,12009.3,127036285
NIFTY ALPHA 50,17-Sep-19,2019,9,12023.25,12034,11800.7,11827.35,141773710
NIFTY ALPHA 50,18-Sep-19,2019,9,11880.7,11921.55,11804.4,11898.25,123754522
NIFTY ALPHA 50,19-Sep-19,2019,9,11913,11913.25,11668.65,11705.05,128142147
NIFTY ALPHA 50,20-Sep-19,2019,9,11736.8,12355.75,11615.3,12290.1,422461920
NIFTY ALPHA 50,23-Sep-19,2019,9,12448.1,12624,12426.05,12607.75,316132945
NIFTY ALPHA 50,24-Sep-19,2019,9,12641.6,12691.55,12545.5,12639.2,209496870
NIFTY ALPHA 50,25-Sep-19,2019,9,12612.6,12614.8,12458.2,12496.5,218808139
NIFTY ALPHA 50,26-Sep-19,2019,9,12517,12610.1,12511.65,12541.2,272590705
NIFTY ALPHA 50,27-Sep-19,2019,9,12542.7,12586.2,12492.2,12519.85,120743556
NIFTY ALPHA 50,30-Sep-19,2019,9,12513.7,12524.8,12340.5,12401.8,152216293
NIFTY ALPHA 50,01-Oct-19,2019,10,12429,12465.4,12038.8,12198.65,187728693
NIFTY ALPHA 50,03-Oct-19,2019,10,12147.35,12256.2,12068.75,12167.3,120977810
NIFTY ALPHA 50,04-Oct-19,2019,10,12227,12246.15,12001.55,12025.25,127232675
NIFTY ALPHA 50,07-Oct-19,2019,10,12017.2,12062.4,11920.1,11978.8,112697219
NIFTY ALPHA 50,09-Oct-19,2019,10,11969.75,12198.6,11937.3,12188.95,144005269
NIFTY ALPHA 50,10-Oct-19,2019,10,12155.05,12202.45,12093.45,12118.95,133150840
NIFTY ALPHA 50,11-Oct-19,2019,10,12161.3,12222.8,12092.55,12163.55,143319326
NIFTY ALPHA 50,14-Oct-19,2019,10,12190.95,12263.95,12156.2,12176.05,115123429
NIFTY ALPHA 50,15-Oct-19,2019,10,12192.55,12222,12146.35,12186.1,116862653
NIFTY ALPHA 50,16-Oct-19,2019,10,12223.7,12264.75,12158.75,12196.2,219568318
NIFTY ALPHA 50,17-Oct-19,2019,10,12199.45,12317,12176.75,12306.7,129871959
NIFTY ALPHA 50,18-Oct-19,2019,10,12323.4,12558.65,12295.35,12527.35,138758408
NIFTY ALPHA 50,22-Oct-19,2019,10,12498.15,12643.7,12477.2,12564.85,245405212
NIFTY ALPHA 50,23-Oct-19,2019,10,12583.1,12703.55,12517.1,12608.65,187961017
NIFTY ALPHA 50,24-Oct-19,2019,10,12671.9,12714.05,12614.2,12672.85,157777812
NIFTY ALPHA 50,25-Oct-19,2019,10,12676.8,12687.4,12499.1,12545,147452621
NIFTY ALPHA 50,27-Oct-19,2019,10,12605.1,12654.1,12598.2,12635.35,21581470
NIFTY ALPHA 50,29-Oct-19,2019,10,12623.35,12728.95,12567.5,12705.7,157793833
NIFTY ALPHA 50,30-Oct-19,2019,10,12753.95,12768.6,12679.45,12698.4,138903019
NIFTY ALPHA 50,31-Oct-19,2019,10,12756.35,12826.1,12754.9,12777.25,160783888
NIFTY ALPHA 50,01-Nov-19,2019,11,12807.6,12865.9,12777.1,12810.3,131459830
NIFTY ALPHA 50,04-Nov-19,2019,11,12861.35,12923.35,12825.35,12841.05,164530869
NIFTY ALPHA 50,05-Nov-19,2019,11,12864.8,12884.75,12759.6,12785.25,129802100
NIFTY ALPHA 50,06-Nov-19,2019,11,12776.9,12853.45,12734.8,12801.4,158903192
NIFTY ALPHA 50,07-Nov-19,2019,11,12904.15,12905.65,12824.7,12880.45,127763070
NIFTY ALPHA 50,08-Nov-19,2019,11,12892.5,12946.75,12772.95,12791.75,167158617
NIFTY ALPHA 50,11-Nov-19,2019,11,12778.6,12859.4,12742.45,12810.4,103092932
NIFTY ALPHA 50,13-Nov-19,2019,11,12827.3,12844.2,12634.95,12666.5,143363491
NIFTY ALPHA 50,14-Nov-19,2019,11,12707.3,12766.75,12644.45,12750.15,157358732
NIFTY ALPHA 50,15-Nov-19,2019,11,12780.7,12789.45,12665.75,12679.05,132670710
NIFTY ALPHA 50,18-Nov-19,2019,11,12710.45,12746.4,12674.8,12717.6,130201627
NIFTY ALPHA 50,19-Nov-19,2019,11,12729.85,12785.45,12696.8,12751.05,193845941
NIFTY ALPHA 50,20-Nov-19,2019,11,12782.45,12797.9,12734.35,12748.5,135153343
NIFTY ALPHA 50,21-Nov-19,2019,11,12762,12802.2,12660,12668.35,119413340
NIFTY ALPHA 50,22-Nov-19,2019,11,12681.05,12685.25,12567.9,12598.95,117527265
NIFTY ALPHA 50,25-Nov-19,2019,11,12628.55,12713.35,12625.7,12701.5,110940537
NIFTY ALPHA 50,26-Nov-19,2019,11,12740.25,12776.2,12589.7,12638.35,511233732
NIFTY ALPHA 50,27-Nov-19,2019,11,12656.4,12703.2,12623.5,12689.05,101589995
NIFTY ALPHA 50,28-Nov-19,2019,11,12719.1,12775.7,12682.2,12768.6,122015937
NIFTY ALPHA 50,29-Nov-19,2019,11,12765.25,12818.25,12716.85,12771.4,108009420
NIFTY ALPHA 50,02-Dec-19,2019,12,12790.3,12799.4,12642.85,12708.15,103389347
NIFTY ALPHA 50,03-Dec-19,2019,12,12713.4,12742.35,12613.75,12686.75,97614029
NIFTY ALPHA 50,04-Dec-19,2019,12,12646,12748.55,12619.85,12729.15,126845740
NIFTY ALPHA 50,05-Dec-19,2019,12,12705.5,12769.6,12675.8,12719.05,128424363
NIFTY ALPHA 50,06-Dec-19,2019,12,12738.7,12750.8,12555.1,12615.7,110158987
NIFTY ALPHA 50,09-Dec-19,2019,12,12625.05,12672.7,12541.75,12552.05,86610962
NIFTY ALPHA 50,10-Dec-19,2019,12,12561.6,12599.9,12437.45,12456.6,88134907
NIFTY ALPHA 50,11-Dec-19,2019,12,12481.1,12633.7,12477,12619.65,95733301
NIFTY ALPHA 50,12-Dec-19,2019,12,12665.35,12702.05,12640.7,12671.15,100168011
NIFTY ALPHA 50,13-Dec-19,2019,12,12707.6,12765.1,12706.05,12753.3,120261256
NIFTY ALPHA 50,16-Dec-19,2019,12,12779.9,12788.85,12723.95,12736.8,85865497
NIFTY ALPHA 50,17-Dec-19,2019,12,12766.15,12814.75,12744.5,12806.6,109486127
NIFTY ALPHA 50,18-Dec-19,2019,12,12822.5,12834.15,12747.15,12798.7,106324634
NIFTY ALPHA 50,19-Dec-19,2019,12,12795.75,12844.15,12761.55,12825.55,90681304
NIFTY ALPHA 50,20-Dec-19,2019,12,12842.45,12922.8,12836.3,12909.35,127585851
NIFTY ALPHA 50,23-Dec-19,2019,12,12900.55,12962.2,12871.85,12901.35,89649173
NIFTY ALPHA 50,24-Dec-19,2019,12,12913.25,12939.8,12872.7,12893.2,61553308
NIFTY ALPHA 50,26-Dec-19,2019,12,12906.5,12920.6,12869.05,12878.25,79452921
NIFTY ALPHA 50,27-Dec-19,2019,12,12939.1,12993.3,12897.05,12947.55,84885657
NIFTY ALPHA 50,30-Dec-19,2019,12,12988.3,13040,12962.65,13029.65,64174580
NIFTY ALPHA 50,31-Dec-19,2019,12,13087.15,13126.9,13049.45,13071.95,89738172
NIFTY ALPHA 50,01-Jan-20,2020,1,13108.95,13197.7,13106,13191.15,59502967
NIFTY ALPHA 50,02-Jan-20,2020,1,13231.2,13323.3,13222.9,13284.7,68534371
NIFTY ALPHA 50,03-Jan-20,2020,1,13297.35,13396.55,13275.7,13351.2,76501210
NIFTY ALPHA 50,06-Jan-20,2020,1,13338.85,13339.25,13048.65,13147.25,87639252
NIFTY ALPHA 50,07-Jan-20,2020,1,13259.1,13408.05,13251,13313,84449792
NIFTY ALPHA 50,08-Jan-20,2020,1,13215.55,13401.85,13215.45,13389.8,77947530
NIFTY ALPHA 50,09-Jan-20,2020,1,13592.85,13657.25,13576.8,13632.05,75327906
NIFTY ALPHA 50,10-Jan-20,2020,1,13739.2,13750,13527.95,13552.95,73578213
NIFTY ALPHA 50,13-Jan-20,2020,1,13537.55,13571.85,13510.6,13534.5,64644616
NIFTY ALPHA 50,14-Jan-20,2020,1,13494.1,13559.9,13468.95,13551.1,68297867
NIFTY ALPHA 50,15-Jan-20,2020,1,13504.6,13592.8,13479.7,13580.6,81808449
NIFTY ALPHA 50,16-Jan-20,2020,1,13568.45,13647.5,13543.35,13628.35,74250243
NIFTY ALPHA 50,17-Jan-20,2020,1,13606.75,13733.5,13582.45,13696.5,88425521
NIFTY ALPHA 50,20-Jan-20,2020,1,13795.55,13800.85,13634.5,13699.8,114983975
NIFTY ALPHA 50,21-Jan-20,2020,1,13683.1,13775.5,13634.45,13677.15,102964626
NIFTY ALPHA 50,22-Jan-20,2020,1,13752.5,13801.8,13624.55,13651.45,145155009
NIFTY ALPHA 50,23-Jan-20,2020,1,13680.1,13854.05,13649.45,13838.2,195235767
NIFTY ALPHA 50,24-Jan-20,2020,1,13785.2,13962.7,13751.6,13935.85,123289642
NIFTY ALPHA 50,27-Jan-20,2020,1,13905.15,14062.15,13859.8,13953.75,113315747
NIFTY ALPHA 50,28-Jan-20,2020,1,13997.2,14079.4,13908.75,13959.65,112965888
NIFTY ALPHA 50,29-Jan-20,2020,1,14040,14071,13963.1,14005.8,98683149
NIFTY ALPHA 50,30-Jan-20,2020,1,14034.2,14041.05,13801.9,13841.7,92738437
NIFTY ALPHA 50,31-Jan-20,2020,1,13925,13970.8,13819.3,13893.5,103076214
NIFTY ALPHA 50,01-Feb-20,2020,2,13891.65,14026.5,13442.8,13481.1,87626157
NIFTY ALPHA 50,03-Feb-20,2020,2,13428.75,13738.2,13428.6,13692.85,118542154
NIFTY ALPHA 50,04-Feb-20,2020,2,13769.5,13959.9,13759.8,13914.15,132740308
NIFTY ALPHA 50,05-Feb-20,2020,2,13954.3,14048.55,13923.4,13991.05,123500979
NIFTY ALPHA 50,06-Feb-20,2020,2,14014.9,14134.2,13970.55,14118.7,104475222
NIFTY ALPHA 50,07-Feb-20,2020,2,14228.1,14306.95,14173.75,14279.85,95884645
NIFTY ALPHA 50,10-Feb-20,2020,2,14360.25,14374.35,14205.75,14251.75,99591057
NIFTY ALPHA 50,11-Feb-20,2020,2,14341.1,14370.25,14238.75,14253.45,86568474
NIFTY ALPHA 50,12-Feb-20,2020,2,14308.7,14355.7,14253.3,14304.3,100924693
NIFTY ALPHA 50,13-Feb-20,2020,2,14321.55,14333.95,14176.05,14225.9,83403881
NIFTY ALPHA 50,14-Feb-20,2020,2,14268.25,14352.55,14251.3,14268.65,92934379
NIFTY ALPHA 50,17-Feb-20,2020,2,14313.15,14318.25,14114.6,14133,99538225
NIFTY ALPHA 50,18-Feb-20,2020,2,14137.65,14144,13944.5,14100.3,107402032
NIFTY ALPHA 50,19-Feb-20,2020,2,14196.05,14447.95,14194.8,14429,78038176
NIFTY ALPHA 50,20-Feb-20,2020,2,14452.95,14558.75,14410.25,14491.7,100403873
NIFTY ALPHA 50,24-Feb-20,2020,2,14420.6,14420.6,14198.35,14213,97664990
NIFTY ALPHA 50,25-Feb-20,2020,2,14265.85,14362.15,14068.4,14091.65,93540547
NIFTY ALPHA 50,26-Feb-20,2020,2,14014.5,14083.1,13916.65,13935.65,100810357
NIFTY ALPHA 50,27-Feb-20,2020,2,13898.65,13910.3,13676.2,13797.25,115324217
NIFTY ALPHA 50,28-Feb-20,2020,2,13434.5,13466.4,13220.75,13339.4,196789340
NIFTY ALPHA 50,02-Mar-20,2020,3,13526.55,13697.15,13179.2,13285.9,137125495
NIFTY ALPHA 50,03-Mar-20,2020,3,13422.3,13584.15,13346.25,13514.95,125872785
NIFTY ALPHA 50,04-Mar-20,2020,3,13575,13606.8,13104.35,13251.65,125306813
NIFTY ALPHA 50,05-Mar-20,2020,3,13299.1,13371.95,13126.85,13279.05,109240801
NIFTY ALPHA 50,06-Mar-20,2020,3,12764.45,13024.75,12694.85,13013,131313047
NIFTY ALPHA 50,09-Mar-20,2020,3,12706.7,12721.15,12328.4,12433.5,174380322
NIFTY ALPHA 50,11-Mar-20,2020,3,12317.85,12602.05,12313.05,12364.95,146610433
NIFTY ALPHA 50,12-Mar-20,2020,3,11810.1,11845.6,11290.5,11362.45,220454034
NIFTY ALPHA 50,13-Mar-20,2020,3,10371.55,11768.5,10035.7,11643.45,249132560
NIFTY ALPHA 50,16-Mar-20,2020,3,11227.9,11369.8,10925.95,10992.15,154970160
NIFTY ALPHA 50,17-Mar-20,2020,3,10975.05,11151.55,10704.15,10758.4,184237837
NIFTY ALPHA 50,18-Mar-20,2020,3,10867.8,11008.2,10038.7,10100.2,231928119
NIFTY ALPHA 50,19-Mar-20,2020,3,9527.3,10028.85,9157.65,9773.3,256874391
NIFTY ALPHA 50,20-Mar-20,2020,3,9889.7,10373.55,9744.4,10255,273522236
NIFTY ALPHA 50,23-Mar-20,2020,3,9303.5,9704,8901.1,8932.65,190085596
NIFTY ALPHA 50,24-Mar-20,2020,3,9140.65,9272.3,8672.65,9052.3,244433939
NIFTY ALPHA 50,25-Mar-20,2020,3,8909.45,9600.45,8874.1,9559.35,256675051
NIFTY ALPHA 50,26-Mar-20,2020,3,9702.35,10171.25,9595.6,9974.55,278928086
NIFTY ALPHA 50,27-Mar-20,2020,3,10324.95,10429.3,9782.05,9883.9,267710180
NIFTY ALPHA 50,30-Mar-20,2020,3,9737.05,9918.7,9590.15,9754.25,189228541
NIFTY ALPHA 50,31-Mar-20,2020,3,9991.05,10133.35,9824.7,10067.55,186147181
NIFTY ALPHA 50,01-Apr-20,2020,4,10071.15,10170.05,9908.15,9976.75,159989475
NIFTY ALPHA 50,03-Apr-20,2020,4,10021.2,10037.65,9754,9840.1,200339742
NIFTY ALPHA 50,07-Apr-20,2020,4,10160.6,10503.05,10023.55,10476.05,233532664
NIFTY ALPHA 50,08-Apr-20,2020,4,10482.9,10963.75,10426.3,10641,276848231
NIFTY ALPHA 50,09-Apr-20,2020,4,10854.25,11016.15,10829.4,10953.65,211848288
NIFTY ALPHA 50,13-Apr-20,2020,4,11029.55,11030.75,10632.95,10865.45,152673389
NIFTY ALPHA 50,15-Apr-20,2020,4,10991.1,11185.3,10896.15,10954.6,270928369
NIFTY ALPHA 50,16-Apr-20,2020,4,10899.6,11174.7,10849.45,11124.65,226352699
NIFTY ALPHA 50,17-Apr-20,2020,4,11434.3,11523.95,11285.5,11382.65,258570588
NIFTY ALPHA 50,20-Apr-20,2020,4,11472.75,11526.5,11341.2,11402.35,216495118
NIFTY ALPHA 50,21-Apr-20,2020,4,11125.4,11153.45,10954.85,11021.15,185723174
NIFTY ALPHA 50,22-Apr-20,2020,4,10982.95,11146.55,10836.85,11127.8,235430737
NIFTY ALPHA 50,23-Apr-20,2020,4,11209.65,11397.5,11170.45,11266.5,207739508
NIFTY ALPHA 50,24-Apr-20,2020,4,11105.8,11155.25,10936.3,10950.2,247401305
NIFTY ALPHA 50,27-Apr-20,2020,4,11016,11266.15,11000.05,11227.55,222294098
NIFTY ALPHA 50,28-Apr-20,2020,4,11335.05,11401.4,11228.6,11378.55,234249661
NIFTY ALPHA 50,29-Apr-20,2020,4,11439.3,11530.05,11410.4,11508.1,231011845
NIFTY ALPHA 50,30-Apr-20,2020,4,11659.15,11799.95,11647.65,11722.2,262703990
NIFTY ALPHA 50,04-May-20,2020,5,11325.45,11368.65,11200.25,11305,209922773
NIFTY ALPHA 50,05-May-20,2020,5,11472.75,11506.55,11218.8,11234.65,223350804
NIFTY ALPHA 50,06-May-20,2020,5,11283.65,11419.15,11158.6,11354.25,251743469
NIFTY ALPHA 50,07-May-20,2020,5,11308.75,11423.2,11295.35,11314.6,380292726
NIFTY ALPHA 50,08-May-20,2020,5,11446.2,11491.7,11329.45,11363.15,223431866
NIFTY ALPHA 50,11-May-20,2020,5,11451.9,11518.15,11403.4,11417.7,241705250
NIFTY ALPHA 50,12-May-20,2020,5,11384.1,11426.1,11275.05,11401.55,264946616
NIFTY ALPHA 50,13-May-20,2020,5,11758.15,11761.65,11491.9,11542,288114180
NIFTY ALPHA 50,14-May-20,2020,5,11477.05,11580.4,11420.05,11462.7,212797221
NIFTY ALPHA 50,15-May-20,2020,5,11526.75,11528.2,11372.35,11425.9,201815670
NIFTY ALPHA 50,18-May-20,2020,5,11389.7,11395,10984.65,11039.25,263953328
NIFTY ALPHA 50,19-May-20,2020,5,11147.85,11205.45,11047.05,11083.1,243141704
NIFTY ALPHA 50,20-May-20,2020,5,11074.25,11231.7,11059.45,11212.6,199201341
NIFTY ALPHA 50,21-May-20,2020,5,11256.95,11418.35,11239.95,11275.7,190345370
NIFTY ALPHA 50,22-May-20,2020,5,11277,11343.4,11137.95,11227.25,258965375
NIFTY ALPHA 50,26-May-20,2020,5,11283.35,11322.6,11221.05,11286.9,192962249
NIFTY ALPHA 50,27-May-20,2020,5,11328,11376.4,11190.75,11367.65,297044335
NIFTY ALPHA 50,28-May-20,2020,5,11409.2,11545.5,11400.25,11512.25,259422027
NIFTY ALPHA 50,29-May-20,2020,5,11480.6,11710.9,11464.6,11679.35,330177342
NIFTY ALPHA 50,01-Jun-20,2020,6,11834.85,12064.6,11830.45,12011.3,253723899
NIFTY ALPHA 50,02-Jun-20,2020,6,12129.35,12238.7,12067.65,12217.85,222704669
NIFTY ALPHA 50,03-Jun-20,2020,6,12411.65,12545.5,12249.65,12346.2,311036479
NIFTY ALPHA 50,04-Jun-20,2020,6,12384.9,12515.55,12193.9,12337.3,234701682
NIFTY ALPHA 50,05-Jun-20,2020,6,12415.55,12635.2,12357.9,12612.95,222673365
NIFTY ALPHA 50,08-Jun-20,2020,6,12793.5,12831.35,12678.1,12749.55,257012557
NIFTY ALPHA 50,09-Jun-20,2020,6,12879.8,12939.7,12723.75,12777.95,249948672
NIFTY ALPHA 50,10-Jun-20,2020,6,12917,12938,12807.3,12875,194061603
NIFTY ALPHA 50,11-Jun-20,2020,6,12981.95,13020.9,12656.2,12761.7,218868799
NIFTY ALPHA 50,12-Jun-20,2020,6,12248.15,12919.05,12247.6,12882.65,246255658
NIFTY ALPHA 50,15-Jun-20,2020,6,12953.75,13011,12807.95,12852.65,211279507
NIFTY ALPHA 50,16-Jun-20,2020,6,13104.9,13150.75,12764.6,13006.8,305455576
NIFTY ALPHA 50,17-Jun-20,2020,6,12996,13163.4,12980.3,13076.15,209822721
NIFTY ALPHA 50,18-Jun-20,2020,6,13186.5,13334.75,13130.5,13321.65,255032097
NIFTY ALPHA 50,19-Jun-20,2020,6,13488.5,13606.15,13447.15,13587.75,338780458
NIFTY ALPHA 50,22-Jun-20,2020,6,13815.7,13902.4,13787.95,13870.75,249871409
NIFTY ALPHA 50,23-Jun-20,2020,6,14079.85,14227.2,14015.35,14213.45,209422551
NIFTY ALPHA 50,24-Jun-20,2020,6,14431.5,14435.4,13877.4,13910.35,239817473
NIFTY ALPHA 50,25-Jun-20,2020,6,13712.95,13927.65,13649.6,13918.4,275026782
NIFTY ALPHA 50,26-Jun-20,2020,6,13945,14008.7,13830.25,13845.15,117346769
NIFTY ALPHA 50,29-Jun-20,2020,6,13778,13786.1,13633.35,13692.1,98666802
NIFTY ALPHA 50,30-Jun-20,2020,6,13718.95,13762.4,13649.6,13701.05,121253141
NIFTY ALPHA 50,01-Jul-20,2020,7,13698.85,13707.7,13636.1,13676.1,114735893
NIFTY ALPHA 50,02-Jul-20,2020,7,13684.1,13835.85,13680.5,13795.2,132715368
NIFTY ALPHA 50,03-Jul-20,2020,7,13909.8,13951.45,13886.9,13940.55,109827066
NIFTY ALPHA 50,06-Jul-20,2020,7,14064.85,14122,13991,14102.9,123605392
NIFTY ALPHA 50,07-Jul-20,2020,7,14143.95,14240.15,14063.1,14186.2,140548325
NIFTY ALPHA 50,08-Jul-20,2020,7,14227.8,14300.4,14067.45,14087,129130805
NIFTY ALPHA 50,09-Jul-20,2020,7,14112.1,14168.6,14072.75,14146.7,117537701
NIFTY ALPHA 50,10-Jul-20,2020,7,14117.45,14238.9,14071.15,14178.3,117137716
NIFTY ALPHA 50,13-Jul-20,2020,7,14263.45,14294.55,14159.35,14217.2,132568306
NIFTY ALPHA 50,14-Jul-20,2020,7,14199.75,14256.35,14046.5,14119.85,154127875
NIFTY ALPHA 50,15-Jul-20,2020,7,14213.45,14290.2,14126.7,14162.4,169357952
NIFTY ALPHA 50,16-Jul-20,2020,7,14189.3,14222.95,14043.65,14204.75,144276102
NIFTY ALPHA 50,17-Jul-20,2020,7,14258.45,14370.4,14254.25,14350.7,159539142
NIFTY ALPHA 50,20-Jul-20,2020,7,14409.15,14527.4,14408.5,14497.6,127392880
NIFTY ALPHA 50,21-Jul-20,2020,7,14607.75,14655.65,14530.05,14559.2,145046369
NIFTY ALPHA 50,22-Jul-20,2020,7,14605.9,14659.8,14487.5,14596.35,168613941
NIFTY ALPHA 50,23-Jul-20,2020,7,14661.45,14748.25,14636.6,14682.7,149597312
NIFTY ALPHA 50,24-Jul-20,2020,7,14627.25,14755.9,14557.75,14736.8,201289342
NIFTY ALPHA 50,27-Jul-20,2020,7,14826.6,14827.05,14544.5,14652.35,202630966
NIFTY ALPHA 50,28-Jul-20,2020,7,14730.95,14799.5,14668.05,14714.6,234689866
NIFTY ALPHA 50,29-Jul-20,2020,7,14751.9,14855.6,14666.55,14690.05,169773961
NIFTY ALPHA 50,30-Jul-20,2020,7,14780.55,14833.55,14580.6,14633.25,207567377
NIFTY ALPHA 50,31-Jul-20,2020,7,14712.2,14836.85,14656.85,14805.65,158374516
NIFTY ALPHA 50,03-Aug-20,2020,8,14857.15,15010.7,14845.45,14879.6,135545806
NIFTY ALPHA 50,04-Aug-20,2020,8,14965.05,15089.6,14930.65,15064.2,146536736
NIFTY ALPHA 50,05-Aug-20,2020,8,15168.95,15284.8,15132.8,15160.85,167607596
NIFTY ALPHA 50,06-Aug-20,2020,8,15229.15,15302.3,15173.05,15265.5,196053993
NIFTY ALPHA 50,07-Aug-20,2020,8,15285.05,15443.9,15250.6,15411.6,159453728
NIFTY ALPHA 50,10-Aug-20,2020,8,15592.1,15687.05,15550.55,15665.8,116499614
NIFTY ALPHA 50,11-Aug-20,2020,8,15749.45,15779.4,15421.95,15438.45,126423854
NIFTY ALPHA 50,12-Aug-20,2020,8,15394.2,15413.5,15306.95,15395.9,125806198
NIFTY ALPHA 50,13-Aug-20,2020,8,15461.65,15532.6,15421,15436.85,138792836
NIFTY ALPHA 50,14-Aug-20,2020,8,15494.4,15534,15164.7,15270.9,122092514
NIFTY ALPHA 50,17-Aug-20,2020,8,15371.25,15382,15172,15300.35,100222147
NIFTY ALPHA 50,18-Aug-20,2020,8,15364.35,15485.4,15343.55,15460,97982771
NIFTY ALPHA 50,19-Aug-20,2020,8,15550.65,15600.05,15499.65,15519.4,126043267
NIFTY ALPHA 50,20-Aug-20,2020,8,15467.45,15602.5,15432.45,15531.3,155548848
NIFTY ALPHA 50,21-Aug-20,2020,8,15662,15704.9,15600.55,15616.1,122644533
NIFTY ALPHA 50,24-Aug-20,2020,8,15723.6,15945.75,15717.75,15899.1,139445109
NIFTY ALPHA 50,25-Aug-20,2020,8,16034.9,16093.95,15870.5,15965.05,143404883
NIFTY ALPHA 50,26-Aug-20,2020,8,16009.4,16043,15960.05,15979.2,144682087
NIFTY ALPHA 50,27-Aug-20,2020,8,16052.55,16077.9,15957.45,15974.95,124993097
NIFTY ALPHA 50,28-Aug-20,2020,8,16053.55,16102.45,16000.7,16019.3,180125913
NIFTY ALPHA 50,31-Aug-20,2020,8,16101.5,16119.5,15339.15,15442.25,368094090
NIFTY ALPHA 50,01-Sep-20,2020,9,15462.1,15722.85,15391.3,15680.55,185330695
NIFTY ALPHA 50,02-Sep-20,2020,9,15769.45,16037.6,15750.35,16022.3,133992090
NIFTY ALPHA 50,03-Sep-20,2020,9,16134.9,16260.4,16117.4,16194.05,109200435
NIFTY ALPHA 50,04-Sep-20,2020,9,15888.25,16136.15,15845.85,15989.5,129616166
NIFTY ALPHA 50,07-Sep-20,2020,9,16010.65,16055.8,15812.75,15990.4,114869466
NIFTY ALPHA 50,08-Sep-20,2020,9,16040.2,16148.65,15907.75,15954.5,141694130
NIFTY ALPHA 50,09-Sep-20,2020,9,15786.8,16002.2,15724.9,15974.85,145075153
NIFTY ALPHA 50,10-Sep-20,2020,9,16090.3,16205.85,16016.3,16088.7,162580763
NIFTY ALPHA 50,11-Sep-20,2020,9,16146.05,16212.9,16113.65,16199.2,139117899
NIFTY ALPHA 50,14-Sep-20,2020,9,16393.3,16770.9,16369.95,16677.8,199572194
NIFTY ALPHA 50,15-Sep-20,2020,9,16808.25,16977.55,16786.25,16952.85,135110934
NIFTY ALPHA 50,16-Sep-20,2020,9,17063.2,17076.85,16918.5,17019.85,105479574
NIFTY ALPHA 50,17-Sep-20,2020,9,16984.25,17043.7,16886.65,16942,114159577
NIFTY ALPHA 50,18-Sep-20,2020,9,17075.15,17087.5,16838.9,16903.55,298282285
NIFTY ALPHA 50,21-Sep-20,2020,9,16987.4,17030.35,16279.1,16359.8,163677048
NIFTY ALPHA 50,22-Sep-20,2020,9,16320.35,16345.5,15728.25,16124.25,148657323
NIFTY ALPHA 50,23-Sep-20,2020,9,16278.25,16359.35,15918.05,16080.15,196164986
NIFTY ALPHA 50,24-Sep-20,2020,9,15859.95,15968.55,15725.85,15935.25,167706761
NIFTY ALPHA 50,25-Sep-20,2020,9,16231,16423.7,16105.85,16411.2,653038793
NIFTY ALPHA 50,28-Sep-20,2020,9,16668.7,16961.7,16650.15,16940.75,531247305
NIFTY ALPHA 50,29-Sep-20,2020,9,17124.45,17156.2,16848,16918.3,583962286
NIFTY ALPHA 50,30-Sep-20,2020,9,17065,17069.35,16880.95,16926.65,452531151
NIFTY ALPHA 50,01-Oct-20,2020,10,17104.1,17127.45,16913.55,16957.45,301631244
NIFTY ALPHA 50,05-Oct-20,2020,10,17059.1,17072.7,16896.35,16984.95,413162768
NIFTY ALPHA 50,06-Oct-20,2020,10,17089,17111.55,16958.35,16990.4,260910715
NIFTY ALPHA 50,07-Oct-20,2020,10,17018.05,17047.4,16897.6,16917.2,295087333
NIFTY ALPHA 50,08-Oct-20,2020,10,16979.55,17028.25,16784.05,16824.25,366187516
NIFTY ALPHA 50,09-Oct-20,2020,10,16884.35,16933.8,16667.35,16691.4,210178208
NIFTY ALPHA 50,12-Oct-20,2020,10,16755.1,16791.35,16606.9,16748.75,182300782
NIFTY ALPHA 50,13-Oct-20,2020,10,16771.1,16901.6,16736.3,16831.55,205483630
NIFTY ALPHA 50,14-Oct-20,2020,10,16845.6,16898.1,16764,16860.25,246007155
NIFTY ALPHA 50,15-Oct-20,2020,10,16907.25,16929.35,16521.4,16548.95,289798993
NIFTY ALPHA 50,16-Oct-20,2020,10,16622.3,16720.3,16446.7,16688.6,232844340
NIFTY ALPHA 50,19-Oct-20,2020,10,16807.75,16816.4,16673.05,16724.6,314864623
NIFTY ALPHA 50,20-Oct-20,2020,10,16685.35,16807.7,16656.9,16757.7,483245406
NIFTY ALPHA 50,21-Oct-20,2020,10,16836.55,16911.15,16566.65,16758.85,283975127
NIFTY ALPHA 50,22-Oct-20,2020,10,16735.75,16921.3,16657.4,16872.85,273677714
NIFTY ALPHA 50,23-Oct-20,2020,10,16976.25,17001.05,16871.45,16908.45,452117172
NIFTY ALPHA 50,26-Oct-20,2020,10,16967,16987.4,16603.25,16671,202910937
NIFTY ALPHA 50,27-Oct-20,2020,10,16693.2,16974.5,16598.75,16954.25,182597508
NIFTY ALPHA 50,28-Oct-20,2020,10,17080.7,17194.8,16921.75,16954.1,354071799
NIFTY ALPHA 50,29-Oct-20,2020,10,16812.4,17090.8,16784.45,17056.95,311878091
NIFTY ALPHA 50,30-Oct-20,2020,10,17151.7,17322.8,17055.75,17165.85,547932635
NIFTY ALPHA 50,02-Nov-20,2020,11,17122.8,17236,16937.05,16985.65,393856056
NIFTY ALPHA 50,03-Nov-20,2020,11,17126.25,17203.15,16943,16980.1,238435111
NIFTY ALPHA 50,04-Nov-20,2020,11,17017.05,17134.25,16950.2,17099.6,200971721
NIFTY ALPHA 50,05-Nov-20,2020,11,17168.85,17403.25,17161.5,17384.4,185331386
NIFTY ALPHA 50,06-Nov-20,2020,11,17463.2,17602.2,17456.15,17481.45,276736869
NIFTY ALPHA 50,09-Nov-20,2020,11,17668,17685.25,17511.15,17643,237814407
NIFTY ALPHA 50,10-Nov-20,2020,11,17744.6,17752.9,17180.4,17237.8,219031204
NIFTY ALPHA 50,11-Nov-20,2020,11,17282.2,17491.75,17282.15,17470.15,261173725
NIFTY ALPHA 50,12-Nov-20,2020,11,17520.35,17751.45,17486.55,17705.05,201281046
NIFTY ALPHA 50,13-Nov-20,2020,11,17725.5,17972.05,17713,17958.25,293109133
NIFTY ALPHA 50,14-Nov-20,2020,11,18117.85,18127.05,18049.55,18080,264036839
NIFTY ALPHA 50,17-Nov-20,2020,11,18163.55,18252.05,18079.5,18242.15,749534082
NIFTY ALPHA 50,18-Nov-20,2020,11,18277.95,18385.25,18184.55,18305.1,322027694
NIFTY ALPHA 50,19-Nov-20,2020,11,18258.05,18355.7,18097.75,18157.3,408510018
NIFTY ALPHA 50,20-Nov-20,2020,11,18173.05,18486.05,18167.95,18466.65,670866637
NIFTY ALPHA 50,23-Nov-20,2020,11,18616.15,18888.55,18614.3,18875.05,500627138
NIFTY ALPHA 50,24-Nov-20,2020,11,19042.1,19087.5,18949.55,19019.5,547666404
NIFTY ALPHA 50,25-Nov-20,2020,11,19112.55,19119.55,18583.55,18610.55,543238668
NIFTY ALPHA 50,26-Nov-20,2020,11,18561,18691.75,18457.8,18660.4,369407231
NIFTY ALPHA 50,27-Nov-20,2020,11,18716.8,19134.2,18716.6,19075.85,507327688
NIFTY ALPHA 50,01-Dec-20,2020,12,19255.7,19259.05,19037.75,19159.55,461239298
NIFTY ALPHA 50,02-Dec-20,2020,12,19198.55,19233.4,19039.85,19205.3,289812813
NIFTY ALPHA 50,03-Dec-20,2020,12,19291.7,19338.15,19167.65,19220.05,247469819
NIFTY ALPHA 50,04-Dec-20,2020,12,19304.35,19355.95,19138.05,19268.1,288864376
NIFTY ALPHA 50,07-Dec-20,2020,12,19321.75,19345.2,19151.05,19236.2,226001709
NIFTY ALPHA 50,08-Dec-20,2020,12,19377.65,19420.3,19070.25,19214.1,272119373
NIFTY ALPHA 50,09-Dec-20,2020,12,19279.5,19321.05,19176.4,19230.5,374739989
NIFTY ALPHA 50,10-Dec-20,2020,12,19217.2,19237.65,18986.8,19211.35,236307222
NIFTY ALPHA 50,11-Dec-20,2020,12,19171.4,19329.2,19016.85,19255.45,487475276
NIFTY ALPHA 50,14-Dec-20,2020,12,19304.1,19361.5,19200.75,19257.1,348460211
NIFTY ALPHA 50,15-Dec-20,2020,12,19296.25,19313.95,19173.25,19300.3,221469527
NIFTY ALPHA 50,16-Dec-20,2020,12,19396.15,19523.65,19349.85,19495.8,256986619
NIFTY ALPHA 50,17-Dec-20,2020,12,19579.2,19737.7,19571.05,19617.05,320084841
NIFTY ALPHA 50,18-Dec-20,2020,12,19719.65,19751.2,19445.55,19577.8,288681780
NIFTY ALPHA 50,21-Dec-20,2020,12,19571.95,19593.3,18388.7,18873.05,454379504
NIFTY ALPHA 50,22-Dec-20,2020,12,18841.7,19146.85,18332.25,19111.25,493594041
NIFTY ALPHA 50,23-Dec-20,2020,12,19221.3,19428.3,19147.9,19413.85,696270377
NIFTY ALPHA 50,24-Dec-20,2020,12,19557.5,19598.1,19381.85,19521.2,493798571
NIFTY ALPHA 50,28-Dec-20,2020,12,19658.7,19753.1,19611.5,19733.9,326559476
NIFTY ALPHA 50,29-Dec-20,2020,12,19812.5,19848.15,19605.85,19705,370523904
NIFTY ALPHA 50,30-Dec-20,2020,12,19783.15,19806,19613.85,19770.7,279072605
NIFTY ALPHA 50,31-Dec-20,2020,12,19822.45,19927.45,19759.65,19836.8,808827990
NIFTY ALPHA 50,01-Jan-21,2021,1,19940.3,20156.65,19908.65,20096.3,468851129
NIFTY ALPHA 50,04-Jan-21,2021,1,20277.95,20342.7,20101.35,20326.15,717299953
NIFTY ALPHA 50,05-Jan-21,2021,1,20268.1,20520.3,20146.7,20497.4,401456208
NIFTY ALPHA 50,06-Jan-21,2021,1,20592.5,20785.8,20347.15,20531.3,452387951
NIFTY ALPHA 50,07-Jan-21,2021,1,20725.75,20815.9,20633.2,20666.55,431799656
NIFTY ALPHA 50,08-Jan-21,2021,1,20871.25,20871.25,20639.75,20718.5,357587669
NIFTY ALPHA 50,11-Jan-21,2021,1,20846.8,20875.6,20562.4,20606.4,296272187
NIFTY ALPHA 50,12-Jan-21,2021,1,20640.35,20768.3,20538.7,20560.95,456818758
NIFTY ALPHA 50,13-Jan-21,2021,1,20651.95,20703,20188.75,20389.75,737511545
NIFTY ALPHA 50,14-Jan-21,2021,1,20471.25,20537.3,20249.95,20502.3,231463602
NIFTY ALPHA 50,15-Jan-21,2021,1,20672.4,20702,20152.7,20265.05,1302708757
NIFTY ALPHA 50,18-Jan-21,2021,1,20278,20303.4,19734.45,19894.6,568186046
NIFTY ALPHA 50,19-Jan-21,2021,1,20076.6,20175.75,20050.25,20149.95,320772381
NIFTY ALPHA 50,20-Jan-21,2021,1,20231.5,20347.45,20192.7,20292.05,265713910
NIFTY ALPHA 50,21-Jan-21,2021,1,20416.65,20460,20124.8,20188.1,355365360
NIFTY ALPHA 50,22-Jan-21,2021,1,20245.75,20272.35,19892.9,19951,437553865
NIFTY ALPHA 50,25-Jan-21,2021,1,20101.55,20154.6,19530.55,19835.45,543342506
NIFTY ALPHA 50,27-Jan-21,2021,1,19834.75,19909.45,19639.35,19737.85,503323542
NIFTY ALPHA 50,28-Jan-21,2021,1,19553.3,19733.85,19425.65,19571.6,524400161
NIFTY ALPHA 50,29-Jan-21,2021,1,19723.2,19788.55,19242.7,19275.45,366311677
NIFTY ALPHA 50,01-Feb-21,2021,2,19392.15,19597,19123.5,19560.3,353971059
NIFTY ALPHA 50,02-Feb-21,2021,2,19790.05,19946.65,19695.6,19832.55,306976783
NIFTY ALPHA 50,03-Feb-21,2021,2,20017.5,20331.3,19865.45,20196.8,445469830
NIFTY ALPHA 50,04-Feb-21,2021,2,20318.2,20538.75,20229.2,20489.25,237726944
NIFTY ALPHA 50,05-Feb-21,2021,2,20672.5,20738.7,20421.25,20500.05,264795974
NIFTY ALPHA 50,08-Feb-21,2021,2,20680.1,20755.8,20635.1,20671.8,264695166
NIFTY ALPHA 50,09-Feb-21,2021,2,20753.35,20831.7,20606.7,20716.9,403925453
NIFTY ALPHA 50,10-Feb-21,2021,2,20840.75,20953.15,20751.5,20921.2,214360956
NIFTY ALPHA 50,11-Feb-21,2021,2,21039.05,21261.35,21003.55,21215.45,614752456
NIFTY ALPHA 50,12-Feb-21,2021,2,21292.05,21346.95,21064,21163.7,505545615
NIFTY ALPHA 50,15-Feb-21,2021,2,21272.5,21477.4,21197.2,21342,418709074
NIFTY ALPHA 50,16-Feb-21,2021,2,21404.75,21568.3,21378.1,21498.9,320411121
NIFTY ALPHA 50,17-Feb-21,2021,2,21558.3,21621.85,21417.3,21484.75,318274747
NIFTY ALPHA 50,18-Feb-21,2021,2,21614.05,21824.5,21600.9,21733.65,272360769
NIFTY ALPHA 50,19-Feb-21,2021,2,21716.8,21790.05,21173.05,21423.85,396208782
NIFTY ALPHA 50,22-Feb-21,2021,2,21467.85,21519.4,21136.8,21219.55,316775504
NIFTY ALPHA 50,23-Feb-21,2021,2,21375.2,21519.75,21163.1,21447.7,305005865
NIFTY ALPHA 50,24-Feb-21,2021,2,21603.15,21615.65,21361.25,21560.25,260180492
NIFTY ALPHA 50,25-Feb-21,2021,2,21705.75,21762.95,21617.6,21643.7,277286985
NIFTY ALPHA 50,26-Feb-21,2021,2,21392.2,21726.1,21244.75,21475.1,379637239
NIFTY ALPHA 50,01-Mar-21,2021,3,21661.65,21907.5,21571.3,21856.7,241380338
NIFTY ALPHA 50,02-Mar-21,2021,3,22074.4,22151.9,21842.8,22119.2,356833477
NIFTY ALPHA 50,03-Mar-21,2021,3,22310.3,22631.5,22290.5,22552.95,308570531
NIFTY ALPHA 50,04-Mar-21,2021,3,22436.55,22777.15,22366.4,22669.25,234416965
NIFTY ALPHA 50,05-Mar-21,2021,3,22620.2,22771.3,22206.95,22305.55,365291258
NIFTY ALPHA 50,08-Mar-21,2021,3,22489.75,22601.1,22249.55,22289.1,216151874
NIFTY ALPHA 50,09-Mar-21,2021,3,22485.85,22519.35,21981.8,22215.1,318237642
NIFTY ALPHA 50,10-Mar-21,2021,3,22383.1,22623.55,22344.1,22599.15,182901969
NIFTY ALPHA 50,12-Mar-21,2021,3,22804.15,22840.1,22408.95,22517.8,243406610
NIFTY ALPHA 50,15-Mar-21,2021,3,22660.85,22660.85,22192.55,22460.35,180104058
NIFTY ALPHA 50,16-Mar-21,2021,3,22576,22654.45,22495.05,22616.05,233093525
NIFTY ALPHA 50,17-Mar-21,2021,3,22670.7,22730.35,22090.9,22131.2,234982794
NIFTY ALPHA 50,18-Mar-21,2021,3,22359.8,22501.25,21691.85,21834.75,275972479
NIFTY ALPHA 50,19-Mar-21,2021,3,21720.95,22224.6,21230.9,22161.7,310243069
NIFTY ALPHA 50,22-Mar-21,2021,3,22326.1,22503.45,22153.5,22476.45,211595700
NIFTY ALPHA 50,23-Mar-21,2021,3,22653.9,22897.15,22627.05,22819.95,206486366
NIFTY ALPHA 50,24-Mar-21,2021,3,22789.35,22956.8,22469.7,22517.65,179845380
NIFTY ALPHA 50,25-Mar-21,2021,3,22621.8,22632.8,21804.8,22007.8,657575831
NIFTY ALPHA 50,26-Mar-21,2021,3,22290.45,22406.5,22056.8,22233.8,428067452
NIFTY ALPHA 50,30-Mar-21,2021,3,22484.65,22594.55,22383.2,22563.85,252551844
NIFTY ALPHA 50,31-Mar-21,2021,3,22642.65,22737.5,22518.35,22648.2,482201760
NIFTY ALPHA 50,01-Apr-21,2021,4,22846.3,23327.8,22842.4,23287.5,552015396
NIFTY ALPHA 50,05-Apr-21,2021,4,23350.95,23565.5,22924.3,23512.4,586631570
NIFTY ALPHA 50,06-Apr-21,2021,4,23742.15,24070.9,23593.45,23993.6,654462855
NIFTY ALPHA 50,07-Apr-21,2021,4,24109.5,24243,24013.05,24165.7,517635054
NIFTY ALPHA 50,08-Apr-21,2021,4,24350.15,24499.25,24215.45,24304.6,569312725
NIFTY ALPHA 50,09-Apr-21,2021,4,24288,24706.75,24234.6,24657.5,422004064
NIFTY ALPHA 50,12-Apr-21,2021,4,24328,24330.2,23260.75,23387.55,740098300
NIFTY ALPHA 50,13-Apr-21,2021,4,23418.8,23745.55,23148.45,23601.4,558553536
NIFTY ALPHA 50,15-Apr-21,2021,4,23555.8,23793.1,23339.45,23702.65,546986264
NIFTY ALPHA 50,16-Apr-21,2021,4,23820.6,24240.8,23781.6,24108.9,494586999
NIFTY ALPHA 50,19-Apr-21,2021,4,23423.3,23894.45,23120.1,23778.2,478915188
NIFTY ALPHA 50,20-Apr-21,2021,4,24109.35,24245.7,23704.95,23834.3,368877219
NIFTY ALPHA 50,22-Apr-21,2021,4,23772.4,24165.65,23697.4,24055.55,431889825
NIFTY ALPHA 50,23-Apr-21,2021,4,24096.9,24372.4,23956.75,24120.2,351957301
NIFTY ALPHA 50,26-Apr-21,2021,4,24328.2,24406.1,24187.25,24217.25,399152703
NIFTY ALPHA 50,27-Apr-21,2021,4,24329.95,24598.95,24305.9,24565.95,377027646
NIFTY ALPHA 50,28-Apr-21,2021,4,24723.8,24808.65,24658.05,24697.75,364950344
NIFTY ALPHA 50,29-Apr-21,2021,4,24958.9,24976.25,24544.8,24681.25,514419611
NIFTY ALPHA 50,30-Apr-21,2021,4,24481.45,24781.8,24437.6,24547.7,533220130
NIFTY ALPHA 50,03-May-21,2021,5,24439.45,25045.25,24367.8,25016.05,472989969
NIFTY ALPHA 50,04-May-21,2021,5,25268.7,25368.7,24781.75,24859.5,582752586
NIFTY ALPHA 50,05-May-21,2021,5,25037,25138.5,24856.55,25032.9,369683980
NIFTY ALPHA 50,06-May-21,2021,5,25233.7,25287.9,25047.55,25257.25,402209787
NIFTY ALPHA 50,07-May-21,2021,5,25462.2,25483.15,25160.8,25207.3,507333791
NIFTY ALPHA 50,10-May-21,2021,5,25365.45,25433.95,25187.95,25269.95,545322991
NIFTY ALPHA 50,11-May-21,2021,5,25146.7,25398.5,25026.3,25220.75,458186688
NIFTY ALPHA 50,12-May-21,2021,5,25304.75,25358.35,24922.75,24986.6,773708956
NIFTY ALPHA 50,14-May-21,2021,5,25172.05,25203.3,24433.45,24543.5,651532557
NIFTY ALPHA 50,17-May-21,2021,5,24682.65,25168.3,24620.65,25122.35,382239565
NIFTY ALPHA 50,18-May-21,2021,5,25460,25702.85,25429.05,25521.7,393255908
NIFTY ALPHA 50,19-May-21,2021,5,25617,25766.5,25462.2,25588.35,399360484
NIFTY ALPHA 50,20-May-21,2021,5,25713.45,25814.2,25400.9,25527.75,340041949
NIFTY ALPHA 50,21-May-21,2021,5,25759.05,25820.75,25616.1,25686.6,342123135
NIFTY ALPHA 50,24-May-21,2021,5,25860.05,26029.75,25842.55,25975.6,384876409
NIFTY ALPHA 50,25-May-21,2021,5,26218.3,26258.4,25820.3,25878.65,344758386
NIFTY ALPHA 50,26-May-21,2021,5,25935.95,25995.25,25725.9,25885.95,296635427
NIFTY ALPHA 50,27-May-21,2021,5,26045.3,26220.6,25973.15,26167.15,496956907
NIFTY ALPHA 50,28-May-21,2021,5,26245.2,26397.05,26048.85,26096,423930207
NIFTY ALPHA 50,31-May-21,2021,5,26292.95,26337.65,26097.45,26292.35,321927425
NIFTY ALPHA 50,01-Jun-21,2021,6,26379.8,26440.35,26096.9,26309.2,369444967
NIFTY ALPHA 50,02-Jun-21,2021,6,26342.65,26817.55,26338.35,26784.35,391266361
NIFTY ALPHA 50,03-Jun-21,2021,6,27011.15,27144.95,26892.45,27018.2,658878656
NIFTY ALPHA 50,04-Jun-21,2021,6,27228.65,27289.6,27096.4,27226.5,558662224
NIFTY ALPHA 50,07-Jun-21,2021,6,27373.7,27424.2,27291.4,27381.5,573921440
NIFTY ALPHA 50,08-Jun-21,2021,6,27427.25,27835.85,27323,27765.05,612904600
NIFTY ALPHA 50,09-Jun-21,2021,6,27954.85,28004,27266.2,27406.55,841081673
NIFTY ALPHA 50,10-Jun-21,2021,6,27613.5,27826.4,27585.75,27771.2,467800134
NIFTY ALPHA 50,11-Jun-21,2021,6,27934.5,28037.5,27641.7,27843.4,552119971
NIFTY ALPHA 50,14-Jun-21,2021,6,27534.95,27631.2,26891.6,27557.3,570497134
NIFTY ALPHA 50,15-Jun-21,2021,6,27608.55,27669.65,27480.15,27537.15,359402378
NIFTY ALPHA 50,16-Jun-21,2021,6,27358.75,27418,27052.9,27143.6,452230146
NIFTY ALPHA 50,17-Jun-21,2021,6,26755.1,27018.45,26666.35,26737.9,515380477
NIFTY ALPHA 50,18-Jun-21,2021,6,26647.65,26720.25,25899.8,26596.4,1243729282
NIFTY ALPHA 50,21-Jun-21,2021,6,26144.45,27008.35,26032.9,26968.55,592819284
NIFTY ALPHA 50,22-Jun-21,2021,6,27221.95,27428.7,27160.65,27204,437819335
NIFTY ALPHA 50,23-Jun-21,2021,6,27421.8,27478.05,26899.65,26953.3,354983692
NIFTY ALPHA 50,24-Jun-21,2021,6,26911.9,26979.5,26785.45,26905.5,497534252
NIFTY ALPHA 50,25-Jun-21,2021,6,26941.95,27172.85,26846.45,27106.2,744098940
NIFTY ALPHA 50,28-Jun-21,2021,6,27171.05,27221.05,27015.55,27098.15,451087891
NIFTY ALPHA 50,29-Jun-21,2021,6,27148.5,27279.85,27025.6,27075.3,401976875
NIFTY ALPHA 50,30-Jun-21,2021,6,27127.1,27267.2,27077.75,27135,194472987
NIFTY ALPHA 50,01-Jul-21,2021,7,27160.4,27177.3,26964.7,27096.4,182564725
NIFTY ALPHA 50,02-Jul-21,2021,7,27066.3,27146.65,26989.8,27112.05,174159628
NIFTY ALPHA 50,05-Jul-21,2021,7,27149.1,27214.35,27018.3,27039.45,209523453
NIFTY ALPHA 50,06-Jul-21,2021,7,27024.6,27294.95,26910.15,26977.45,325032540
NIFTY ALPHA 50,07-Jul-21,2021,7,27017,27080.7,26784.8,27007.7,309091934
NIFTY ALPHA 50,08-Jul-21,2021,7,27078.75,27270.55,26856.45,26989.6,266250084
NIFTY ALPHA 50,09-Jul-21,2021,7,27066.2,27175.95,26990.4,27146.2,225688906
NIFTY ALPHA 50,12-Jul-21,2021,7,27441.25,27490.85,27220.45,27264.15,241447754
NIFTY ALPHA 50,13-Jul-21,2021,7,27493.2,27509.1,27317.15,27407.45,152988991
NIFTY ALPHA 50,14-Jul-21,2021,7,27520.55,27600.15,27430.65,27522.8,170694318
NIFTY ALPHA 50,15-Jul-21,2021,7,27642.25,28182.7,27607.15,28137.9,237260411
NIFTY ALPHA 50,16-Jul-21,2021,7,28228.05,28393.5,28102.1,28361.35,236885910
NIFTY ALPHA 50,19-Jul-21,2021,7,28186,28389.9,27920.95,28055.7,268353783
NIFTY ALPHA 50,20-Jul-21,2021,7,27919.45,28030.7,27327.35,27691.55,236595960
NIFTY ALPHA 50,22-Jul-21,2021,7,27880.05,28416.75,27862,28359.25,298848346
NIFTY ALPHA 50,23-Jul-21,2021,7,28681.75,28832.6,28396.45,28522.8,259629542
NIFTY ALPHA 50,26-Jul-21,2021,7,28550.9,28591.8,28332.05,28502.15,219258968
NIFTY ALPHA 50,27-Jul-21,2021,7,28571.35,28717,28217.1,28468.9,246193115
NIFTY ALPHA 50,28-Jul-21,2021,7,28543.4,28606.35,27859.85,28289.35,254511652
NIFTY ALPHA 50,29-Jul-21,2021,7,28405.9,28481.3,28253.25,28418.85,424703454
NIFTY ALPHA 50,30-Jul-21,2021,7,28524.95,28666.5,28422.3,28513.05,265708671
NIFTY ALPHA 50,02-Aug-21,2021,8,28792.3,28864.25,28687.3,28778.8,267371506
NIFTY ALPHA 50,03-Aug-21,2021,8,29005.75,29014.9,28813.1,28862.5,232752115
NIFTY ALPHA 50,04-Aug-21,2021,8,29142.05,29207.45,28660.55,28762,235015530
NIFTY ALPHA 50,05-Aug-21,2021,8,28949.4,28949.4,28471.65,28791.1,266319456
NIFTY ALPHA 50,06-Aug-21,2021,8,28796.05,29010.5,28721.25,28932.85,236987695
NIFTY ALPHA 50,09-Aug-21,2021,8,29046.2,29076.75,28458.9,28596.7,250391872
NIFTY ALPHA 50,10-Aug-21,2021,8,28680.25,28706.3,27772.85,28003.4,218087071
NIFTY ALPHA 50,11-Aug-21,2021,8,27984.7,28129.6,27180.1,27892.6,266498381
NIFTY ALPHA 50,12-Aug-21,2021,8,28016.45,28411.1,27957.75,28388.1,202272110
NIFTY ALPHA 50,13-Aug-21,2021,8,28456.7,28546.6,28249.15,28437.05,251920731
NIFTY ALPHA 50,16-Aug-21,2021,8,28415.8,28489.05,28255.7,28463.6,179831362
NIFTY ALPHA 50,17-Aug-21,2021,8,28466.75,28753.7,28385.25,28731.8,196650036
NIFTY ALPHA 50,18-Aug-21,2021,8,28802.45,28889.15,28628,28745.85,162414615
NIFTY ALPHA 50,20-Aug-21,2021,8,28526.55,28698.1,28092.9,28187.75,273257977
NIFTY ALPHA 50,23-Aug-21,2021,8,28434.5,28545.85,27644.15,27903.35,275472335
NIFTY ALPHA 50,24-Aug-21,2021,8,28089.55,28404.3,28043.5,28371,230575673
NIFTY ALPHA 50,25-Aug-21,2021,8,28654.85,28859.2,28626.8,28721.35,201078210
NIFTY ALPHA 50,26-Aug-21,2021,8,28952.3,29005.15,28797.35,28977.1,187011333
NIFTY ALPHA 50,27-Aug-21,2021,8,29123.3,29341.1,28817.85,29314.7,160956872
NIFTY ALPHA 50,30-Aug-21,2021,8,29439.4,29851.95,29425.2,29808.3,170670329
NIFTY ALPHA 50,31-Aug-21,2021,8,29955.5,30264.55,29888.6,30213.4,225293431
NIFTY ALPHA 50,01-Sep-21,2021,9,30509,30560.45,30229.8,30292.65,169109824
NIFTY ALPHA 50,02-Sep-21,2021,9,30346.45,30687.35,30240.45,30646.3,131944812
NIFTY ALPHA 50,03-Sep-21,2021,9,30916.8,30935.6,30562.2,30836.45,160197516
NIFTY ALPHA 50,06-Sep-21,2021,9,30996.9,31014.45,30804.4,30906.85,159892624
NIFTY ALPHA 50,07-Sep-21,2021,9,30997.5,31040.8,30497.6,30794.4,127532949
NIFTY ALPHA 50,08-Sep-21,2021,9,30785.75,31027.45,30615.85,30937.6,113921442
NIFTY ALPHA 50,09-Sep-21,2021,9,30932.05,31261.95,30903.9,31199.55,149202632
NIFTY ALPHA 50,13-Sep-21,2021,9,31280.85,31519.85,31162.85,31478.2,165467395
NIFTY ALPHA 50,14-Sep-21,2021,9,31744.15,31744.15,31458.7,31524,161204036
NIFTY ALPHA 50,15-Sep-21,2021,9,31688.8,31756.95,31587.4,31722.8,225349851
NIFTY ALPHA 50,16-Sep-21,2021,9,31827.1,31991.3,31672.55,31797.1,163474133
NIFTY ALPHA 50,17-Sep-21,2021,9,31941.45,31974,31419.75,31627.35,253298346
NIFTY ALPHA 50,20-Sep-21,2021,9,31265.6,31524.3,30871.25,30922.15,234080930
NIFTY ALPHA 50,21-Sep-21,2021,9,30762.45,31082.35,30307.95,31036.6,236802872
NIFTY ALPHA 50,22-Sep-21,2021,9,31134.15,31445.4,31109.95,31378.6,198209604
NIFTY ALPHA 50,23-Sep-21,2021,9,31622.65,31818.5,31570.65,31768.5,207215229
NIFTY ALPHA 50,24-Sep-21,2021,9,32049.15,32111.3,31589.2,31750.85,202418029
NIFTY ALPHA 50,27-Sep-21,2021,9,31871.5,31933.75,31366.3,31567.4,177846725
NIFTY ALPHA 50,28-Sep-21,2021,9,31673.45,31699.9,31095.2,31331.2,160069783
NIFTY ALPHA 50,29-Sep-21,2021,9,31219.25,31672.75,31075.45,31556.9,323839014
NIFTY ALPHA 50,30-Sep-21,2021,9,31734.6,31804.35,31563.2,31641.8,271835529
NIFTY ALPHA 50,01-Oct-21,2021,10,31565.5,31701.25,31434.25,31624.55,221381649
NIFTY ALPHA 50,04-Oct-21,2021,10,31824.5,32343.95,31734.25,32296.15,302132788
NIFTY ALPHA 50,05-Oct-21,2021,10,32411.55,32551.65,32364.3,32497.8,299218227
NIFTY ALPHA 50,06-Oct-21,2021,10,32738.8,32824.25,32282.55,32336.5,290555533
NIFTY ALPHA 50,07-Oct-21,2021,10,32681.45,32818.55,32610.05,32748.55,192886529
NIFTY ALPHA 50,08-Oct-21,2021,10,32935.9,33142.2,32754.8,33071.55,193222650
NIFTY ALPHA 50,11-Oct-21,2021,10,33180,33237.45,32879.85,33080.4,260485591
NIFTY ALPHA 50,12-Oct-21,2021,10,33126.85,33229.75,32739.4,32933.95,229256964
NIFTY ALPHA 50,13-Oct-21,2021,10,33058.9,33457.6,33042.75,33436.65,522154737
NIFTY ALPHA 50,14-Oct-21,2021,10,33743.5,34163.25,33731.45,33913.7,385091355
NIFTY ALPHA 50,18-Oct-21,2021,10,34366.95,34420.6,34142.7,34172.35,559996544
NIFTY ALPHA 50,19-Oct-21,2021,10,34541,34771.35,33694.3,33850.65,493726946
NIFTY ALPHA 50,20-Oct-21,2021,10,33869.95,33884.3,32653.6,32964.95,399734398
NIFTY ALPHA 50,21-Oct-21,2021,10,33209,33255.2,32284.55,32529.05,244040071
NIFTY ALPHA 50,22-Oct-21,2021,10,32635.95,32771.8,31671.95,31998.25,256590195
NIFTY ALPHA 50,25-Oct-21,2021,10,32101.15,32179.3,30918.45,31477,232126345
NIFTY ALPHA 50,26-Oct-21,2021,10,31545.75,32255.15,31540.7,32196.8,261069085
NIFTY ALPHA 50,27-Oct-21,2021,10,32423.95,32495.6,32195.75,32372.4,211130346
NIFTY ALPHA 50,28-Oct-21,2021,10,32309.55,32328.55,31490.1,31568.2,250619298
NIFTY ALPHA 50,29-Oct-21,2021,10,31352.75,31681.4,30822.9,31388.8,274709255
NIFTY ALPHA 50,01-Nov-21,2021,11,31544.6,32041.85,31525.75,31994.35,346526579
NIFTY ALPHA 50,02-Nov-21,2021,11,32148.1,32305.35,32012.15,32079.05,219136635
NIFTY ALPHA 50,03-Nov-21,2021,11,32166.85,32226.05,31954.95,32140.75,156961364
NIFTY ALPHA 50,04-Nov-21,2021,11,32401.6,32509.15,32320.05,32359.3,37562954
NIFTY ALPHA 50,08-Nov-21,2021,11,32532.2,32624.5,32078.65,32586.9,174640437
NIFTY ALPHA 50,09-Nov-21,2021,11,32605.75,33077.25,32590.75,33057.9,266946388
NIFTY ALPHA 50,10-Nov-21,2021,11,33028.65,33314.85,32914.6,33153.55,238886941
NIFTY ALPHA 50,11-Nov-21,2021,11,33207.4,33323.6,32965,33143.2,185423381
NIFTY ALPHA 50,12-Nov-21,2021,11,33417.9,33574.3,33231.85,33549.35,222404913
NIFTY ALPHA 50,15-Nov-21,2021,11,33792.1,33839.75,33522.85,33705.1,169214722
NIFTY ALPHA 50,16-Nov-21,2021,11,33766.85,34104.95,33670.25,33799.85,181003193
NIFTY ALPHA 50,17-Nov-21,2021,11,33822.25,34280.95,33793.35,33876.95,199078730
NIFTY ALPHA 50,18-Nov-21,2021,11,33992.3,34047.3,33104.45,33312.75,224613028
NIFTY ALPHA 50,22-Nov-21,2021,11,33341.35,33369.9,31990.4,32401.25,199163531
NIFTY ALPHA 50,23-Nov-21,2021,11,32120.55,33161.35,31946.8,33129.3,225853152
NIFTY ALPHA 50,24-Nov-21,2021,11,33315.55,33558.15,33061.8,33190.25,216297402
NIFTY ALPHA 50,25-Nov-21,2021,11,33264.05,33573.6,33011.15,33517.75,184275655
NIFTY ALPHA 50,26-Nov-21,2021,11,33082,33338.65,32405,32483.3,265260364
NIFTY ALPHA 50,29-Nov-21,2021,11,32027.45,32229.6,31125.1,31978.4,241180584
NIFTY ALPHA 50,30-Nov-21,2021,11,31970.55,32725.7,31954.25,32234.85,444488692
NIFTY ALPHA 50,01-Dec-21,2021,12,32463.3,32624.8,32278.9,32582.8,216287460
NIFTY ALPHA 50,02-Dec-21,2021,12,32684.2,33206.95,32576.2,33167.35,211144098
NIFTY ALPHA 50,03-Dec-21,2021,12,33291.65,33417.4,33000.95,33049.45,231714930
NIFTY ALPHA 50,06-Dec-21,2021,12,33078.7,33139.35,32393.7,32458.85,190533288
NIFTY ALPHA 50,07-Dec-21,2021,12,32760.55,32978.85,32606.85,32918.05,231371786
NIFTY ALPHA 50,08-Dec-21,2021,12,33145.8,33591.95,33133.7,33552.9,235249132
NIFTY ALPHA 50,09-Dec-21,2021,12,33751.45,33792.9,33419.1,33757.95,212547809
NIFTY ALPHA 50,10-Dec-21,2021,12,33698.1,34066.5,33664,34036.7,243380522
NIFTY ALPHA 50,13-Dec-21,2021,12,34389.7,34674.7,33986.55,34090.85,257498293
NIFTY ALPHA 50,14-Dec-21,2021,12,34015.1,34254,33837.45,34190.45,203087658
NIFTY ALPHA 50,15-Dec-21,2021,12,34248.4,34315.05,33953.95,34024.55,188845139
NIFTY ALPHA 50,16-Dec-21,2021,12,34300.6,34425.25,33853.5,33956.4,175326435
NIFTY ALPHA 50,17-Dec-21,2021,12,33992.6,34075.35,33134.55,33258.45,251814204
NIFTY ALPHA 50,20-Dec-21,2021,12,32738.4,32773.3,31529.2,31905.2,231580271
NIFTY ALPHA 50,21-Dec-21,2021,12,32171.2,32766.15,32164.8,32483.75,182973753
NIFTY ALPHA 50,22-Dec-21,2021,12,32776.25,33109.35,32685.8,33027.5,136157126
NIFTY ALPHA 50,23-Dec-21,2021,12,33308.3,33475.5,33211.5,33376.35,146823191
NIFTY ALPHA 50,24-Dec-21,2021,12,33488,33521.5,33077.45,33255.2,149559850
NIFTY ALPHA 50,27-Dec-21,2021,12,33263.3,33658.9,32922.55,33601.3,130789421
NIFTY ALPHA 50,28-Dec-21,2021,12,33869.95,34065,33828.3,34029.1,150687617
NIFTY ALPHA 50,29-Dec-21,2021,12,34066.85,34187.95,33958.8,34118.2,146899272
NIFTY ALPHA 50,30-Dec-21,2021,12,34119.7,34298.05,33986.4,34183.1,143681904
NIFTY ALPHA 50,31-Dec-21,2021,12,34340.45,34653.7,34333,34605.05,123368897
NIFTY ALPHA 50,03-Jan-22,2022,1,34691.6,35003.6,34687.95,34945.85,139226273
NIFTY ALPHA 50,04-Jan-22,2022,1,35119.9,35182.9,34772.4,35021.3,178883601
NIFTY ALPHA 50,05-Jan-22,2022,1,34957,35052.65,34757.6,34912.5,225263707
NIFTY ALPHA 50,06-Jan-22,2022,1,34630.2,35015.15,34475.6,34947.25,185125474
NIFTY ALPHA 50,07-Jan-22,2022,1,35171.15,35447.1,34917.35,35148.6,187765423
NIFTY ALPHA 50,10-Jan-22,2022,1,35330.9,35525.65,35230.25,35391.15,157487886
NIFTY ALPHA 50,11-Jan-22,2022,1,35501.1,35601.7,35239.75,35302.55,222163899
NIFTY ALPHA 50,12-Jan-22,2022,1,35530.8,35588.15,35278.15,35551.15,177193296
NIFTY ALPHA 50,13-Jan-22,2022,1,35711.75,36005,35581.2,35966.1,263828656
NIFTY ALPHA 50,14-Jan-22,2022,1,35906.9,36039.1,35695.9,35989.85,249717494
NIFTY ALPHA 50,17-Jan-22,2022,1,36090.75,36299.55,35941.45,36180.65,261697684
NIFTY ALPHA 50,18-Jan-22,2022,1,36282.2,36322.25,35333.35,35416.25,217300242
NIFTY ALPHA 50,19-Jan-22,2022,1,35333.7,35523.7,34784.3,35470.05,233701614
NIFTY ALPHA 50,20-Jan-22,2022,1,35526.9,35714.85,35407.95,35675.05,185044761
NIFTY ALPHA 50,21-Jan-22,2022,1,35540.15,35632.7,34659.85,34964.9,224007249
NIFTY ALPHA 50,24-Jan-22,2022,1,34932.15,34958.9,32922.95,33319.9,254817541
NIFTY ALPHA 50,25-Jan-22,2022,1,32856.8,33810.25,32177.15,33609.75,210947867
NIFTY ALPHA 50,27-Jan-22,2022,1,33409.25,33409.25,32732.95,32965.8,224378722
NIFTY ALPHA 50,28-Jan-22,2022,1,33198.15,33987.15,33198.15,33330.45,209156127
NIFTY ALPHA 50,31-Jan-22,2022,1,33851.7,33923,33647.45,33759.45,161557018
NIFTY ALPHA 50,01-Feb-22,2022,2,34082.05,34200,33571.85,34023.1,302823719
NIFTY ALPHA 50,02-Feb-22,2022,2,34264.3,34523.95,34254.65,34465.6,175367292
NIFTY ALPHA 50,03-Feb-22,2022,2,34481.9,34487.25,34077.9,34139.35,155268980
NIFTY ALPHA 50,04-Feb-22,2022,2,34172.5,34338.4,33915.85,34081.15,198289557
NIFTY ALPHA 50,07-Feb-22,2022,2,34115.85,34213,33507.85,33683,196037040
NIFTY ALPHA 50,08-Feb-22,2022,2,33797.8,33932.75,32934.8,33225.35,244898536
NIFTY ALPHA 50,09-Feb-22,2022,2,33408.35,33693.5,33347.7,33618.25,192143703
NIFTY ALPHA 50,10-Feb-22,2022,2,33752.45,34046.3,33532.75,34005.9,262706642
NIFTY ALPHA 50,11-Feb-22,2022,2,33699.6,33757.1,33225.25,33311.9,168885522
NIFTY ALPHA 50,14-Feb-22,2022,2,32301.05,32632.65,31777.5,31848.05,188951447
NIFTY ALPHA 50,15-Feb-22,2022,2,31896.15,32815.75,31343.25,32782.95,192438789
NIFTY ALPHA 50,16-Feb-22,2022,2,33077.65,33181.2,32639.3,32776.4,156896179
NIFTY ALPHA 50,17-Feb-22,2022,2,32984.75,33077.7,32621.1,32685.7,122406939
NIFTY ALPHA 50,18-Feb-22,2022,2,32462.8,32754.15,32271.55,32318.45,112716795
NIFTY ALPHA 50,21-Feb-22,2022,2,32165.2,32266.55,31550.75,31783,152291775
NIFTY ALPHA 50,22-Feb-22,2022,2,30789.5,31629.05,30753.55,31569.9,181221002
NIFTY ALPHA 50,23-Feb-22,2022,2,31868.5,32164.1,31848.4,31898.1,143000110
NIFTY ALPHA 50,24-Feb-22,2022,2,30683.8,31031.45,29820.7,29935.85,319197444
NIFTY ALPHA 50,25-Feb-22,2022,2,30696.15,31505.55,30669.35,31421.65,223992950
NIFTY ALPHA 50,28-Feb-22,2022,2,31137.35,31925.45,30795.75,31885.3,245722429
NIFTY ALPHA 50,02-Mar-22,2022,3,31688.6,32315.55,31592.2,32108.2,259992574
NIFTY ALPHA 50,03-Mar-22,2022,3,32708.3,32816.3,32373.45,32456.9,254948813
NIFTY ALPHA 50,04-Mar-22,2022,3,32306.7,32466.2,31898.05,31958.75,228739920
NIFTY ALPHA 50,07-Mar-22,2022,3,31331.9,31616.65,30966.3,31363.05,191825341
NIFTY ALPHA 50,08-Mar-22,2022,3,31395.05,31900.05,31195.15,31715.15,228001274
NIFTY ALPHA 50,09-Mar-22,2022,3,32092.35,32431.6,31931.05,32280.8,177519345
NIFTY ALPHA 50,10-Mar-22,2022,3,33030.8,33083.05,32659.8,32955.2,209037603
NIFTY ALPHA 50,11-Mar-22,2022,3,32933.4,33242.1,32782.2,33122.25,176169353
NIFTY ALPHA 50,14-Mar-22,2022,3,33193.2,33464.6,33068.45,33420.15,152242369
NIFTY ALPHA 50,15-Mar-22,2022,3,33636.2,33678.7,32771.95,32981.7,178049940
NIFTY ALPHA 50,16-Mar-22,2022,3,33423.65,33581.55,33290.2,33510.25,130798688
NIFTY ALPHA 50,17-Mar-22,2022,3,33935.55,34121.2,33774.1,34007.15,208125882
NIFTY ALPHA 50,21-Mar-22,2022,3,34250.25,34346.2,34022.3,34083.9,180917304
NIFTY ALPHA 50,22-Mar-22,2022,3,34193.1,34278.3,33911.15,34237.6,172869267
NIFTY ALPHA 50,23-Mar-22,2022,3,34482.7,34600.9,34353.65,34409.85,252446197
NIFTY ALPHA 50,24-Mar-22,2022,3,34338.3,34745.05,34282.45,34713.2,182209992
NIFTY ALPHA 50,25-Mar-22,2022,3,34906.7,34975.35,34569.45,34715.1,160302846
NIFTY ALPHA 50,28-Mar-22,2022,3,34803.05,34862.4,34361.55,34637.4,137431736
NIFTY ALPHA 50,29-Mar-22,2022,3,34855.45,34948.55,34604.65,34690.35,148913945
NIFTY ALPHA 50,30-Mar-22,2022,3,34975.6,35308.75,34875.45,35108.45,176485057
NIFTY ALPHA 50,31-Mar-22,2022,3,35507.6,35634.6,35385.15,35463.05,288391016
NIFTY ALPHA 50,01-Apr-22,2022,4,35848.25,36070.1,35614.7,35995.2,155598004
NIFTY ALPHA 50,04-Apr-22,2022,4,36463.1,36637.55,36310.3,36593.55,182652052
NIFTY ALPHA 50,05-Apr-22,2022,4,36983.6,37160.25,36687.35,37078.25,229725082
NIFTY ALPHA 50,06-Apr-22,2022,4,37233.4,37618,37093.5,37451.8,376437364
NIFTY ALPHA 50,07-Apr-22,2022,4,37834.7,37907.8,36891.8,37060,347529902
NIFTY ALPHA 50,08-Apr-22,2022,4,37155.95,37511.35,37025,37268.35,184723436
NIFTY ALPHA 50,11-Apr-22,2022,4,37351.55,37525.75,37221.5,37422.2,171973242
NIFTY ALPHA 50,12-Apr-22,2022,4,37293.75,37471.6,36210.4,36605.3,220596884
NIFTY ALPHA 50,13-Apr-22,2022,4,37039.95,37211.95,36294.1,36352.15,157879121
NIFTY ALPHA 50,18-Apr-22,2022,4,36008.7,36023.25,35448.2,35680.9,209929379
NIFTY ALPHA 50,19-Apr-22,2022,4,35721.15,36040.8,34692.1,34994.5,179878589
NIFTY ALPHA 50,20-Apr-22,2022,4,35299.5,35537.1,34874.1,35083.9,168588386
NIFTY ALPHA 50,21-Apr-22,2022,4,35470.55,35900.45,35388.6,35782.8,158301673
NIFTY ALPHA 50,22-Apr-22,2022,4,35532.6,35854.1,35255.95,35315.4,167899596
NIFTY ALPHA 50,25-Apr-22,2022,4,34777.35,34782.4,34259.05,34318.15,139785784
NIFTY ALPHA 50,26-Apr-22,2022,4,34501.9,34836.05,34403.1,34687.6,126838944
NIFTY ALPHA 50,27-Apr-22,2022,4,34424.5,34626.25,34022.55,34368.75,184611874
NIFTY ALPHA 50,28-Apr-22,2022,4,34746.55,34792.15,34081.45,34510.5,163961458
NIFTY ALPHA 50,29-Apr-22,2022,4,34882.8,34950.9,34257.15,34333.15,174456138
NIFTY ALPHA 50,02-May-22,2022,5,33956.4,33981.4,33429.3,33491.75,162567156
NIFTY ALPHA 50,04-May-22,2022,5,33717.8,33736.85,32394.55,32528,179950498
NIFTY ALPHA 50,05-May-22,2022,5,32756.4,32833.3,32328.95,32428.95,154922785
NIFTY ALPHA 50,06-May-22,2022,5,31632.05,31975.15,31406.5,31866.4,189291261
NIFTY ALPHA 50,09-May-22,2022,5,31443.6,31513.3,30983.15,31135.35,188491976
NIFTY ALPHA 50,10-May-22,2022,5,30978.3,31586.4,30259.2,30359.5,166797236
NIFTY ALPHA 50,11-May-22,2022,5,30542.8,30846.6,29040.15,29484.2,195419411
NIFTY ALPHA 50,12-May-22,2022,5,29099.95,29201.2,28404.45,28655.65,187999618
NIFTY ALPHA 50,13-May-22,2022,5,29127.65,29639.2,28774.5,28931.75,198744238
NIFTY ALPHA 50,16-May-22,2022,5,29314.25,29449.75,28882.55,29340.1,135636421
NIFTY ALPHA 50,17-May-22,2022,5,29697.55,30630.1,29590.15,30569.1,220756256
NIFTY ALPHA 50,18-May-22,2022,5,30865.35,31238.75,30664.8,30699.2,165223683
NIFTY ALPHA 50,19-May-22,2022,5,29737.2,29912,29492.15,29591.65,150810322
NIFTY ALPHA 50,20-May-22,2022,5,30086.55,30277.05,29754.15,29946.8,124125490
NIFTY ALPHA 50,23-May-22,2022,5,30059.15,30195.15,29706.5,29743.8,168661862
NIFTY ALPHA 50,24-May-22,2022,5,30005.65,30095.55,29431.7,29507.65,125639102
NIFTY ALPHA 50,25-May-22,2022,5,29744.55,29783.9,28395.65,28449.9,133241953
NIFTY ALPHA 50,26-May-22,2022,5,28621.55,28837.45,27666.7,28684.95,187173169
NIFTY ALPHA 50,27-May-22,2022,5,29116.75,29244.8,28845.55,29145.3,132341184
NIFTY ALPHA 50,30-May-22,2022,5,29431,30095.9,29423.85,30064.95,132983466
NIFTY ALPHA 50,31-May-22,2022,5,30156.2,30356.05,29803.5,30173.5,282103035
NIFTY ALPHA 50,01-Jun-22,2022,6,30215.05,30340.85,29730.15,29897.45,146809151
NIFTY ALPHA 50,02-Jun-22,2022,6,29791.5,30061.85,29694.65,30006.05,127590826
NIFTY ALPHA 50,03-Jun-22,2022,6,30273.1,30361.45,29575.3,29623.4,134177761
NIFTY ALPHA 50,06-Jun-22,2022,6,29546.3,29570.7,28974,29456.05,134011228
NIFTY ALPHA 50,07-Jun-22,2022,6,29193.4,29412,29037.95,29366.65,144452039
NIFTY ALPHA 50,08-Jun-22,2022,6,29605,29634.5,29097.35,29235.8,111080291
NIFTY ALPHA 50,09-Jun-22,2022,6,29027.1,29451.2,28946.65,29409.35,157765529
NIFTY ALPHA 50,10-Jun-22,2022,6,29059.35,29393.4,29016,29334.25,151634476
NIFTY ALPHA 50,13-Jun-22,2022,6,28621.9,28723.65,28096.9,28152.1,157915495
NIFTY ALPHA 50,14-Jun-22,2022,6,28021.55,28490.75,27797.25,27831.9,135499503
NIFTY ALPHA 50,15-Jun-22,2022,6,28057.05,28235.35,27747.05,27773.3,107294907
NIFTY ALPHA 50,16-Jun-22,2022,6,28257.05,28340.55,26710.4,26842.35,173299761
NIFTY ALPHA 50,17-Jun-22,2022,6,26534.65,26814.75,26168.5,26275.75,193983670
NIFTY ALPHA 50,20-Jun-22,2022,6,26265.75,26359.25,24890.05,25193,250235760
NIFTY ALPHA 50,21-Jun-22,2022,6,25356.55,26312.05,25251.8,26232.85,236200276
NIFTY ALPHA 50,22-Jun-22,2022,6,26103.3,26115.05,25574.85,25691.55,188899330
NIFTY ALPHA 50,23-Jun-22,2022,6,25750.25,26033.05,25512,25914.35,170165914
NIFTY ALPHA 50,24-Jun-22,2022,6,26123.4,26278.35,25910.6,26226.1,141453797
NIFTY ALPHA 50,27-Jun-22,2022,6,26678,26924.95,26588.65,26637.35,177466039
NIFTY ALPHA 50,28-Jun-22,2022,6,26472.8,26675.75,26199.65,26623.5,156296413
NIFTY ALPHA 50,29-Jun-22,2022,6,26220.3,26690.3,26147.8,26511.2,146561269
NIFTY ALPHA 50,30-Jun-22,2022,6,26607.45,26788.15,26145.3,26214.1,147221998
NIFTY ALPHA 50,01-Jul-22,2022,7,26095.2,26284.95,25770.5,25991.55,164342945
NIFTY ALPHA 50,04-Jul-22,2022,7,26064.65,26235.95,25972.55,26137.4,132517348
NIFTY ALPHA 50,05-Jul-22,2022,7,26274.75,26519.8,25991.25,26068.2,177279119
NIFTY ALPHA 50,06-Jul-22,2022,7,26150.7,26342.65,25871.4,26297.6,171814126
NIFTY ALPHA 50,07-Jul-22,2022,7,26628.6,26797.85,26459.45,26759.1,189201587
NIFTY ALPHA 50,08-Jul-22,2022,7,26976.05,26992.5,26643.55,26813.55,182149272
NIFTY ALPHA 50,11-Jul-22,2022,7,26747.5,27131.15,26658.45,27085.7,159821219
NIFTY ALPHA 50,12-Jul-22,2022,7,26957.35,27266.85,26893.1,27070.8,195981372
NIFTY ALPHA 50,13-Jul-22,2022,7,27197.4,27318.05,26853.6,26900.55,174381508
NIFTY ALPHA 50,14-Jul-22,2022,7,27018.4,27047.1,26409.9,26678.95,180382437
NIFTY ALPHA 50,15-Jul-22,2022,7,26794.25,26920.1,26605.3,26856.2,171237687
NIFTY ALPHA 50,18-Jul-22,2022,7,27068.2,27436.85,27068.2,27410.05,194436821
NIFTY ALPHA 50,19-Jul-22,2022,7,27375.45,27756,27316.65,27713.4,211301037
NIFTY ALPHA 50,20-Jul-22,2022,7,28047.7,28164.05,27853.1,27917.9,230279118
NIFTY ALPHA 50,21-Jul-22,2022,7,28004.25,28193.7,27876.35,28148.15,169814967
NIFTY ALPHA 50,22-Jul-22,2022,7,28307.75,28381.3,27996.5,28073.95,145579177
NIFTY ALPHA 50,25-Jul-22,2022,7,28065.7,28136.85,27909.8,28007.15,160114372
NIFTY ALPHA 50,26-Jul-22,2022,7,28056.5,28064.2,27613.1,27640.2,161790742
NIFTY ALPHA 50,27-Jul-22,2022,7,27623.3,27723.55,27511.1,27656.3,177501147
NIFTY ALPHA 50,28-Jul-22,2022,7,27890.05,27965.4,27677.35,27819.75,192993364
NIFTY ALPHA 50,29-Jul-22,2022,7,28031.2,28353.15,28010.4,28286.15,212801735
NIFTY ALPHA 50,01-Aug-22,2022,8,28438.95,28997.85,28254.1,28925.4,238993296
NIFTY ALPHA 50,02-Aug-22,2022,8,28940.15,29072.6,28784.25,28994.5,232329907
NIFTY ALPHA 50,03-Aug-22,2022,8,29015.95,29071.6,28677.85,28856.4,160446069
NIFTY ALPHA 50,04-Aug-22,2022,8,28970.1,29129.5,28343.2,28837.5,213866757
NIFTY ALPHA 50,05-Aug-22,2022,8,28990.35,29147.9,28865.1,28954.1,277138995
NIFTY ALPHA 50,08-Aug-22,2022,8,29035.95,29191.4,28926.6,29160.4,194666233
NIFTY ALPHA 50,10-Aug-22,2022,8,28944.1,29056.65,28788.45,28901.05,254255322
NIFTY ALPHA 50,11-Aug-22,2022,8,29145.95,29254.1,29099.6,29183.05,197226974
NIFTY ALPHA 50,12-Aug-22,2022,8,29214.85,29498.95,29183.1,29433.65,201301833
NIFTY ALPHA 50,16-Aug-22,2022,8,29560.9,29739.95,29545.85,29710.9,219536444
NIFTY ALPHA 50,17-Aug-22,2022,8,29855.2,29969.65,29802.25,29856.35,207724572
NIFTY ALPHA 50,18-Aug-22,2022,8,29900.85,30045.7,29803.7,29983.25,193302868
NIFTY ALPHA 50,19-Aug-22,2022,8,30063.25,30144.25,29465.25,29549,260392128
NIFTY ALPHA 50,22-Aug-22,2022,8,29468.95,29476.55,28893.35,28965.9,369982014
NIFTY ALPHA 50,23-Aug-22,2022,8,28704.35,29226.8,28683.15,29135.45,352037141
NIFTY ALPHA 50,24-Aug-22,2022,8,29150.05,29395.35,29089.85,29372.5,243725355
NIFTY ALPHA 50,25-Aug-22,2022,8,29548.65,29614.45,29191.4,29244.6,177131242
NIFTY ALPHA 50,26-Aug-22,2022,8,29432.75,29577.95,29303.7,29343.55,217873029
NIFTY ALPHA 50,29-Aug-22,2022,8,28367.05,29062.05,28366,28982.5,231071916
NIFTY ALPHA 50,30-Aug-22,2022,8,29283.3,29978.9,29278.85,29957.6,214503814
NIFTY ALPHA 50,01-Sep-22,2022,9,29862.85,30521.2,29836.05,30479.5,358582151
NIFTY ALPHA 50,02-Sep-22,2022,9,30748.05,31212.55,30585.9,30708.45,440908773
NIFTY ALPHA 50,05-Sep-22,2022,9,30879.05,31201.8,30811.7,30939.9,632205221
NIFTY ALPHA 50,06-Sep-22,2022,9,31156.05,31283.75,30766.15,30947.2,843747757
NIFTY ALPHA 50,07-Sep-22,2022,9,30864.45,31092.05,30790.55,31040.9,287295902
NIFTY ALPHA 50,08-Sep-22,2022,9,31357.55,31422.35,31028.35,31194.55,238198948
NIFTY ALPHA 50,09-Sep-22,2022,9,31429.1,31452.45,31124.2,31208.55,233278791
NIFTY ALPHA 50,12-Sep-22,2022,9,31392.3,31639.95,31363.85,31596.9,191546581
NIFTY ALPHA 50,13-Sep-22,2022,9,31734.1,31795.95,31484.5,31540.55,189301920
NIFTY ALPHA 50,14-Sep-22,2022,9,31007.35,31553.2,30966,31486.25,295179107
NIFTY ALPHA 50,15-Sep-22,2022,9,31721.2,31866.55,31506.05,31626.1,292638710
NIFTY ALPHA 50,16-Sep-22,2022,9,31626.5,31690.75,30639.95,30886.2,340941347
NIFTY ALPHA 50,19-Sep-22,2022,9,30921.5,30987.1,30478.3,30633.45,194123767
NIFTY ALPHA 50,20-Sep-22,2022,9,30927.15,31127.4,30889.9,30926.15,170097566
NIFTY ALPHA 50,21-Sep-22,2022,9,30967.05,31081.6,30521.1,30620.9,170403254
NIFTY ALPHA 50,22-Sep-22,2022,9,30568.4,31139.05,30552.5,31079.05,456931705
NIFTY ALPHA 50,23-Sep-22,2022,9,31177.9,31271.5,30456.5,30499.2,263594391
NIFTY ALPHA 50,26-Sep-22,2022,9,30185.65,30185.65,29188.5,29352.3,336315973
NIFTY ALPHA 50,27-Sep-22,2022,9,29537.1,29717.6,29038.05,29202.8,344970293
NIFTY ALPHA 50,28-Sep-22,2022,9,29000.3,29407.4,28870.25,28962.45,234020104
NIFTY ALPHA 50,29-Sep-22,2022,9,29354.2,29507.05,28943.9,29071.6,348982139
NIFTY ALPHA 50,30-Sep-22,2022,9,29021.65,29631.2,28714.7,29586.2,689666822
NIFTY ALPHA 50,03-Oct-22,2022,10,29583.9,29789.6,28761.5,28983.7,686278430
NIFTY ALPHA 50,04-Oct-22,2022,10,29543.25,29829,29309.45,29800.65,526079982
NIFTY ALPHA 50,06-Oct-22,2022,10,30047.6,30329.05,30014.15,30255.05,606652911
NIFTY ALPHA 50,07-Oct-22,2022,10,30299.25,30350.3,30011.35,30288.7,511365142
NIFTY ALPHA 50,10-Oct-22,2022,10,29940.65,30158.2,29692.3,30037.85,441356276
NIFTY ALPHA 50,11-Oct-22,2022,10,30199.6,30199.9,29497.65,29560,524368091
NIFTY ALPHA 50,12-Oct-22,2022,10,29676.45,29795.5,29352.55,29720.2,474627107
NIFTY ALPHA 50,13-Oct-22,2022,10,29757.05,29854.3,29361.15,29573.65,460409243
NIFTY ALPHA 50,14-Oct-22,2022,10,30144.85,30182.5,29544.3,29597.4,459261335
NIFTY ALPHA 50,17-Oct-22,2022,10,29526.55,29813.85,29209.4,29749.6,606280911
NIFTY ALPHA 50,18-Oct-22,2022,10,29997.75,30229.5,29922.1,30179.95,600828998
NIFTY ALPHA 50,19-Oct-22,2022,10,30303.5,30386.75,30082.55,30159.05,938167924
NIFTY ALPHA 50,20-Oct-22,2022,10,30049.95,30257.2,29820.8,30196.3,941080401
NIFTY ALPHA 50,21-Oct-22,2022,10,30349.95,30418.65,29901.2,30069.4,582295335
NIFTY ALPHA 50,24-Oct-22,2022,10,30417.1,30457.2,30229.15,30270.65,164295919
NIFTY ALPHA 50,25-Oct-22,2022,10,30349,30394.05,30146.65,30347.5,427012466
NIFTY ALPHA 50,27-Oct-22,2022,10,30521.3,30610.75,30325.9,30517.95,495358020
NIFTY ALPHA 50,28-Oct-22,2022,10,30588.75,30598.45,30119.6,30251.7,309620966
NIFTY ALPHA 50,31-Oct-22,2022,10,30414.85,30554.65,30331.2,30520.5,355712370
NIFTY ALPHA 50,01-Nov-22,2022,11,30624,30894.05,30592.25,30842.6,553384709
NIFTY ALPHA 50,02-Nov-22,2022,11,30866.5,30927.85,30684.95,30722.8,329143173
NIFTY ALPHA 50,03-Nov-22,2022,11,30567.25,30901.25,30548.5,30795.75,397454757
NIFTY ALPHA 50,04-Nov-22,2022,11,30881.1,30936.05,30669.7,30855.6,443672774
NIFTY ALPHA 50,07-Nov-22,2022,11,31051.3,31178.4,30865.2,31112.6,580472613
NIFTY ALPHA 50,09-Nov-22,2022,11,31271.4,31341.3,31030.2,31105.8,568986304
NIFTY ALPHA 50,10-Nov-22,2022,11,31037.05,31037.05,30606.5,30716.75,475904414
NIFTY ALPHA 50,11-Nov-22,2022,11,31053.2,31163,30632.6,30693.9,567401135
NIFTY ALPHA 50,14-Nov-22,2022,11,30816.5,30847.85,30556.95,30619.55,565256164
NIFTY ALPHA 50,15-Nov-22,2022,11,30690.65,30735.7,30547.15,30645.55,344944251
NIFTY ALPHA 50,16-Nov-22,2022,11,30699,30755,30319.9,30462.15,422749024
NIFTY ALPHA 50,17-Nov-22,2022,11,30435.65,30528.9,30334.5,30385.35,343517655
NIFTY ALPHA 50,18-Nov-22,2022,11,30482.1,30550.55,29968.3,30164.95,314336231
NIFTY ALPHA 50,21-Nov-22,2022,11,30100.5,30121.65,29915.5,30064.95,319242585
NIFTY ALPHA 50,22-Nov-22,2022,11,30096.9,30203.55,30046.8,30176.05,357259027
NIFTY ALPHA 50,23-Nov-22,2022,11,30288.4,30430.6,30254.1,30336.4,416427076
NIFTY ALPHA 50,24-Nov-22,2022,11,30417.2,30447.2,30246.45,30378.75,353851265
NIFTY ALPHA 50,25-Nov-22,2022,11,30472.8,30552.5,30366.5,30465.9,594383935
NIFTY ALPHA 50,28-Nov-22,2022,11,30448.65,30721.8,30411.8,30549.65,570184379
NIFTY ALPHA 50,29-Nov-22,2022,11,30566.4,30639.5,30324.05,30378,401629724
NIFTY ALPHA 50,30-Nov-22,2022,11,30440.3,30823.2,30385.2,30688.1,843094852
NIFTY ALPHA 50,01-Dec-22,2022,12,30857.7,30905.2,30677.45,30746.95,416639976
NIFTY ALPHA 50,02-Dec-22,2022,12,30767,30858.05,30670.35,30833.05,673228208
NIFTY ALPHA 50,05-Dec-22,2022,12,30939.2,30939.5,30612,30811.4,840735457
NIFTY ALPHA 50,06-Dec-22,2022,12,30786.25,30925,30702.6,30776.7,756695523
NIFTY ALPHA 50,07-Dec-22,2022,12,30842.95,30893.55,30565.4,30650.65,620948937
NIFTY ALPHA 50,08-Dec-22,2022,12,30767.1,30835.85,30703.85,30786.85,527281631
NIFTY ALPHA 50,09-Dec-22,2022,12,30914.7,31041.55,30444.5,30706.7,1824915276
NIFTY ALPHA 50,12-Dec-22,2022,12,30748.3,30873.25,30556.8,30851.8,1444340579
NIFTY ALPHA 50,13-Dec-22,2022,12,30951.95,31020.35,30871.1,30944.5,1683436983
NIFTY ALPHA 50,14-Dec-22,2022,12,31043.85,31124.7,30934.05,30982.45,2231879744
NIFTY ALPHA 50,15-Dec-22,2022,12,30974.75,31074.75,30631.7,30710.6,1416718752
NIFTY ALPHA 50,16-Dec-22,2022,12,30622,30725.75,30190.3,30390.1,1137602907
NIFTY ALPHA 50,19-Dec-22,2022,12,30469.4,30618.6,30303.45,30590.5,1205742152
NIFTY ALPHA 50,20-Dec-22,2022,12,30572.8,30625.8,30260.75,30486.5,995724101
NIFTY ALPHA 50,21-Dec-22,2022,12,30616.25,30720.9,29555.5,29634.05,1105425861
NIFTY ALPHA 50,22-Dec-22,2022,12,29765.25,29921.85,28980.75,29241.55,1068427992
NIFTY ALPHA 50,23-Dec-22,2022,12,28895.7,28971.15,27763.45,27860.05,1011590179
NIFTY ALPHA 50,26-Dec-22,2022,12,27816.3,28909.3,27503.05,28823.35,1166318345
NIFTY ALPHA 50,27-Dec-22,2022,12,29092.35,29298.75,28806,29133.25,909818713
NIFTY ALPHA 50,28-Dec-22,2022,12,29139.15,29583.3,29080.55,29498.8,832445808
NIFTY ALPHA 50,29-Dec-22,2022,12,29418.85,29769.45,29174.35,29637.7,717403161
NIFTY ALPHA 50,30-Dec-22,2022,12,29847.6,29930.95,29597.05,29685.5,713762288
NIFTY ALPHA 50,02-Jan-23,2023,1,29775.75,29878.15,29557.1,29670.15,738374462
NIFTY ALPHA 50,03-Jan-23,2023,1,29759.85,29818.35,29534.4,29649.25,605539762
NIFTY ALPHA 50,04-Jan-23,2023,1,29716.9,29772.35,29237.5,29292.9,670899959
NIFTY ALPHA 50,05-Jan-23,2023,1,29394.6,29470.35,29037.7,29395.7,485588481
NIFTY ALPHA 50,06-Jan-23,2023,1,29448.45,29487.85,29045.9,29170.85,474024064
NIFTY ALPHA 50,09-Jan-23,2023,1,29383.9,29557.5,29269.75,29444.55,359786092
NIFTY ALPHA 50,10-Jan-23,2023,1,29471.25,29471.5,28888.8,29143.35,416305641
NIFTY ALPHA 50,11-Jan-23,2023,1,29245.5,29271.15,28937.3,29012.7,364623114
NIFTY ALPHA 50,12-Jan-23,2023,1,29103.2,29167.95,28909.65,29030.35,390343526
NIFTY ALPHA 50,13-Jan-23,2023,1,29102.95,29199.75,28930.75,29166.1,387803837
NIFTY ALPHA 50,16-Jan-23,2023,1,29240.55,29394,29146.1,29240.1,395790738
NIFTY ALPHA 50,17-Jan-23,2023,1,29294.1,29483.3,29144.75,29430.5,343037688
NIFTY ALPHA 50,18-Jan-23,2023,1,29492.2,29504.45,29201.15,29280.9,296638529
NIFTY ALPHA 50,19-Jan-23,2023,1,29158.5,29224.9,29046.5,29182.55,263996498
NIFTY ALPHA 50,20-Jan-23,2023,1,29225.15,29263.5,29069,29114.1,405587191
NIFTY ALPHA 50,23-Jan-23,2023,1,29222.25,29259.3,28923.05,29035.65,641353045
NIFTY ALPHA 50,24-Jan-23,2023,1,29146.6,29204.7,28953.2,29020.75,328352661
NIFTY ALPHA 50,25-Jan-23,2023,1,28979.6,28993.75,28417.35,28484.9,427346985
NIFTY ALPHA 50,27-Jan-23,2023,1,28342.3,28360.8,26894.25,27228.55,623625216
NIFTY ALPHA 50,30-Jan-23,2023,1,26923.3,27332.65,26479.85,26825,654032760
NIFTY ALPHA 50,31-Jan-23,2023,1,26782.8,27447.65,26606.55,27358.05,602153125
NIFTY ALPHA 50,01-Feb-23,2023,2,27556.95,27615.4,26020.8,26516.9,786356233
NIFTY ALPHA 50,02-Feb-23,2023,2,26265.55,26569.9,26006.3,26266.7,619304599
NIFTY ALPHA 50,03-Feb-23,2023,2,26200.9,26251.45,25558.6,26202.5,593239794
NIFTY ALPHA 50,06-Feb-23,2023,2,26114.7,26344.15,26042.6,26309.55,472862257
NIFTY ALPHA 50,07-Feb-23,2023,2,26261.55,26504.2,26205.5,26271.15,477839753
NIFTY ALPHA 50,08-Feb-23,2023,2,26325,26578.6,26317.4,26531.15,383928476
NIFTY ALPHA 50,09-Feb-23,2023,2,26493.95,26494.85,26256.5,26336.05,335396741
NIFTY ALPHA 50,10-Feb-23,2023,2,26174.35,26408.85,26134.25,26307.1,400479512
NIFTY ALPHA 50,13-Feb-23,2023,2,26270.1,26311.25,25904.55,25952.25,390406920
NIFTY ALPHA 50,14-Feb-23,2023,2,25896.6,25981.8,25729.6,25895.1,293001176
NIFTY ALPHA 50,15-Feb-23,2023,2,25776.85,25900.95,25724.7,25874.65,241731322
NIFTY ALPHA 50,16-Feb-23,2023,2,25964.9,26273.6,25964.9,26213.8,302614619
NIFTY ALPHA 50,17-Feb-23,2023,2,26164.05,26348.35,26057.55,26091.5,272321771
NIFTY ALPHA 50,20-Feb-23,2023,2,26102.15,26186.95,25893.75,26049.6,460398340
NIFTY ALPHA 50,21-Feb-23,2023,2,26112.35,26227.05,25921.85,25953.9,377627014
NIFTY ALPHA 50,22-Feb-23,2023,2,25876.1,25888.45,25410.15,25452.65,312967130
NIFTY ALPHA 50,23-Feb-23,2023,2,25433.05,25533.1,25184.6,25413.85,313758537
NIFTY ALPHA 50,24-Feb-23,2023,2,25479.15,25598.1,25181.25,25231.05,291363678
NIFTY ALPHA 50,27-Feb-23,2023,2,25164.35,25176.3,24831.35,24982.7,296579754
NIFTY ALPHA 50,28-Feb-23,2023,2,24984.05,25330.05,24923.7,25277.2,717679485
NIFTY ALPHA 50,01-Mar-23,2023,3,25362.1,25887.95,25361.15,25856.25,523193993
NIFTY ALPHA 50,02-Mar-23,2023,3,25940.3,25991.35,25817.4,25872.45,460068961
NIFTY ALPHA 50,03-Mar-23,2023,3,26102.85,26323.65,26091.85,26250.8,594580238
NIFTY ALPHA 50,06-Mar-23,2023,3,26480.55,26727.45,26455.5,26530.5,431598390
NIFTY ALPHA 50,08-Mar-23,2023,3,26511.95,26798.35,26420.35,26772.1,307638478
NIFTY ALPHA 50,09-Mar-23,2023,3,26917.8,26947.75,26610.25,26661.8,339304810
NIFTY ALPHA 50,10-Mar-23,2023,3,26487.6,26575.5,26238.85,26526.95,300578628
NIFTY ALPHA 50,13-Mar-23,2023,3,26489.65,26687.6,26067.05,26105.85,762798063
NIFTY ALPHA 50,14-Mar-23,2023,3,26134.65,26134.65,25578.4,25746.25,426958443
NIFTY ALPHA 50,15-Mar-23,2023,3,25876.25,26070.8,25756.9,25821.3,389403878
NIFTY ALPHA 50,16-Mar-23,2023,3,25778.4,25783.3,25300.1,25657.75,450340841
NIFTY ALPHA 50,17-Mar-23,2023,3,25929.75,26038.65,25704.35,25863,733729682
NIFTY ALPHA 50,20-Mar-23,2023,3,25674.05,25841.2,25279.35,25421.75,486051387
NIFTY ALPHA 50,21-Mar-23,2023,3,25570.3,25761.4,25481.9,25725.45,354932979
NIFTY ALPHA 50,22-Mar-23,2023,3,25849.1,26005.1,25837.6,25946.75,293777506
NIFTY ALPHA 50,23-Mar-23,2023,3,25827.15,26016.85,25763.05,25832.45,278425350
NIFTY ALPHA 50,24-Mar-23,2023,3,25889.25,25978.5,25485.65,25550.2,299694005
NIFTY ALPHA 50,27-Mar-23,2023,3,25587.15,25615.25,25239.2,25280.15,353824920
NIFTY ALPHA 50,28-Mar-23,2023,3,25282.3,25332,25022.4,25170.55,297748741
NIFTY ALPHA 50,29-Mar-23,2023,3,25092.7,25853.85,25092.7,25805.2,502920705
NIFTY ALPHA 50,31-Mar-23,2023,3,25910.65,26044.3,25904.05,25993.55,408015424
NIFTY ALPHA 50,03-Apr-23,2023,4,26105.3,26117.6,25902.9,25987.65,306107991
NIFTY ALPHA 50,05-Apr-23,2023,4,26022.15,26045.3,25912.95,25979.95,330234906
NIFTY ALPHA 50,06-Apr-23,2023,4,25972.9,26169,25875.55,26108.85,341886903
NIFTY ALPHA 50,10-Apr-23,2023,4,26161.5,26213.4,26084.45,26146.75,258566979
NIFTY ALPHA 50,11-Apr-23,2023,4,26268.85,26373.55,26207.8,26326.1,272326305
NIFTY ALPHA 50,12-Apr-23,2023,4,26377.25,26414.8,26318.6,26383.2,255074597
NIFTY ALPHA 50,13-Apr-23,2023,4,26415.45,26512.55,26342.75,26480.2,288583740
NIFTY ALPHA 50,17-Apr-23,2023,4,26478.25,26850.05,26433.55,26827.4,326243746
NIFTY ALPHA 50,18-Apr-23,2023,4,26891.85,27013.85,26841.1,26937.4,659232895
NIFTY ALPHA 50,19-Apr-23,2023,4,26939.3,27061.6,26855.5,26888.75,471069141
NIFTY ALPHA 50,20-Apr-23,2023,4,26919.3,26974.6,26708.15,26743.3,294590483
NIFTY ALPHA 50,21-Apr-23,2023,4,26770.65,26792.85,26474.1,26603.8,251149843
NIFTY ALPHA 50,24-Apr-23,2023,4,26635.05,26871.5,26581.85,26853.95,369598050
NIFTY ALPHA 50,25-Apr-23,2023,4,26913.4,27013.05,26880.55,26919.75,335669008
NIFTY ALPHA 50,26-Apr-23,2023,4,26927.8,27158.55,26856.9,27143.7,349198799
NIFTY ALPHA 50,27-Apr-23,2023,4,27154.05,27332.1,27150.2,27311.1,293793949
NIFTY ALPHA 50,28-Apr-23,2023,4,27435.95,27677.55,27427.35,27659.4,423012937
NIFTY ALPHA 50,02-May-23,2023,5,27816.3,28012.8,27798.6,27841.5,527906383
NIFTY ALPHA 50,03-May-23,2023,5,27781.4,28040.3,27727.25,28008.9,453160185
NIFTY ALPHA 50,04-May-23,2023,5,28088.5,28326.25,28064.05,28300.8,395110718
NIFTY ALPHA 50,05-May-23,2023,5,28325.15,28426.75,28147.85,28180.7,429894278
NIFTY ALPHA 50,08-May-23,2023,5,28228.65,28325.95,28110.3,28259.8,450849466
NIFTY ALPHA 50,09-May-23,2023,5,28377.05,28415.7,28043.4,28117.7,405724339
NIFTY ALPHA 50,10-May-23,2023,5,28122.65,28158.85,27871.4,28093,391648045
NIFTY ALPHA 50,11-May-23,2023,5,28193.85,28251.65,28115.75,28157.85,292432352
NIFTY ALPHA 50,12-May-23,2023,5,28191.75,28196.8,28025.65,28132.1,292823671
NIFTY ALPHA 50,15-May-23,2023,5,28170.3,28310.05,28036.5,28206.5,284959497
NIFTY ALPHA 50,16-May-23,2023,5,28324.85,28556.8,28308,28336.3,407892912
NIFTY ALPHA 50,17-May-23,2023,5,28381.75,28600.4,28312.25,28454.75,387279966
NIFTY ALPHA 50,18-May-23,2023,5,28605.7,28686.3,28199.85,28257,327984935
NIFTY ALPHA 50,19-May-23,2023,5,28325.2,28329.45,27911.1,28206.6,311204614
NIFTY ALPHA 50,22-May-23,2023,5,28217.3,28362.9,28044.5,28340.5,299037643
NIFTY ALPHA 50,23-May-23,2023,5,28408.5,28461.85,28324.9,28343.7,251641844
NIFTY ALPHA 50,24-May-23,2023,5,28327.65,28535.55,28278.4,28392.7,252523042
NIFTY ALPHA 50,25-May-23,2023,5,28391.8,28596.15,28376,28560.05,312049660
NIFTY ALPHA 50,26-May-23,2023,5,28634.85,28868.85,28613.1,28844.55,274609530
NIFTY ALPHA 50,29-May-23,2023,5,29049.6,29115.75,28946.55,29033.9,426967696
NIFTY ALPHA 50,30-May-23,2023,5,29081.55,29227.95,29019.8,29106.85,316368235
NIFTY ALPHA 50,31-May-23,2023,5,29109.35,29365.8,28986.65,29305.7,521520483
NIFTY ALPHA 50,01-Jun-23,2023,6,29277.65,29458.2,29222,29360.15,340611335
NIFTY ALPHA 50,02-Jun-23,2023,6,29500.45,29651.35,29492.45,29600.7,371935465
NIFTY ALPHA 50,05-Jun-23,2023,6,29751.7,29823.45,29697.2,29716.15,319739973
NIFTY ALPHA 50,06-Jun-23,2023,6,29768.3,29876,29647.05,29852.75,269440672
NIFTY ALPHA 50,07-Jun-23,2023,6,29963,30089.55,29920.65,30060.1,269717265
NIFTY ALPHA 50,08-Jun-23,2023,6,30131.2,30162.25,29833.95,29905.3,555771130
NIFTY ALPHA 50,09-Jun-23,2023,6,30008.2,30079.8,29914.35,29987.65,328935089
NIFTY ALPHA 50,12-Jun-23,2023,6,30113.15,30176.15,29998.7,30138.05,240214809
NIFTY ALPHA 50,13-Jun-23,2023,6,30236.1,30393.8,30198.15,30366.7,310666875
NIFTY ALPHA 50,14-Jun-23,2023,6,30480.9,30522,30349.7,30385.95,338616919
NIFTY ALPHA 50,15-Jun-23,2023,6,30446.65,30571.7,30385.3,30463.55,376113058
NIFTY ALPHA 50,16-Jun-23,2023,6,30602.35,31004.55,30583.3,30951.25,470608792
NIFTY ALPHA 50,19-Jun-23,2023,6,31082.95,31208.9,30877.2,30922.05,480672044
NIFTY ALPHA 50,20-Jun-23,2023,6,30895.35,31035.1,30790.7,30988.1,325013200
NIFTY ALPHA 50,21-Jun-23,2023,6,31096.75,31254.3,30962.85,31065.5,360002779
NIFTY ALPHA 50,22-Jun-23,2023,6,31118.35,31143.45,30580.95,30659.1,385629786
NIFTY ALPHA 50,23-Jun-23,2023,6,30681.85,30695.45,30243.1,30284.3,298288191
NIFTY ALPHA 50,26-Jun-23,2023,6,30334.1,30481.35,30203.7,30434.6,292757069
NIFTY ALPHA 50,27-Jun-23,2023,6,30558.8,30684.35,30557.45,30630.6,315393342
NIFTY ALPHA 50,28-Jun-23,2023,6,30792.65,31008.85,30738.45,30947.2,482593737
NIFTY ALPHA 50,30-Jun-23,2023,6,31039.9,31320.55,30964.5,31290.15,387708779
NIFTY ALPHA 50,03-Jul-23,2023,7,31461.4,31666.9,31455.45,31640.2,542497779
NIFTY ALPHA 50,04-Jul-23,2023,7,31805.35,31821.85,31455.4,31625.55,997368706
NIFTY ALPHA 50,05-Jul-23,2023,7,31684.95,32024.35,31615.75,32009.2,765741463
NIFTY ALPHA 50,06-Jul-23,2023,7,32078.15,32281.2,32024.65,32245.85,720577440
NIFTY ALPHA 50,07-Jul-23,2023,7,32268.1,32305.1,31927.2,32124.1,648927120
NIFTY ALPHA 50,10-Jul-23,2023,7,32237.7,32249.3,31791.1,31854.7,440312628
NIFTY ALPHA 50,11-Jul-23,2023,7,31960.7,32389.55,31947.25,32352.4,507984224
NIFTY ALPHA 50,12-Jul-23,2023,7,32462.45,32619.3,32437.8,32584.15,500981200
NIFTY ALPHA 50,13-Jul-23,2023,7,32712.3,32817.8,32127.8,32220.25,560324536
NIFTY ALPHA 50,14-Jul-23,2023,7,32404.75,32602.5,32292.6,32567.45,355588186
NIFTY ALPHA 50,17-Jul-23,2023,7,32730.65,32784.35,32558.2,32671.1,447318959
NIFTY ALPHA 50,18-Jul-23,2023,7,32795.8,32840.8,32413.6,32642.1,517245781
NIFTY ALPHA 50,19-Jul-23,2023,7,32742.1,33097.5,32725.2,33071.1,468380694
NIFTY ALPHA 50,20-Jul-23,2023,7,33158.7,33179.1,32954.3,33092.1,637741228
NIFTY ALPHA 50,21-Jul-23,2023,7,33079.6,33175.45,32952.15,33010.4,605325536
NIFTY ALPHA 50,24-Jul-23,2023,7,33120.85,33374.25,33078.05,33136.45,728594152
NIFTY ALPHA 50,25-Jul-23,2023,7,33331,33338.95,33001.5,33070.05,472956462
NIFTY ALPHA 50,26-Jul-23,2023,7,33180.8,33418.85,33174.15,33371.3,544476518
NIFTY ALPHA 50,27-Jul-23,2023,7,33520.2,33624.15,33248.1,33330.65,496166711
NIFTY ALPHA 50,28-Jul-23,2023,7,33428.85,33762,33361.45,33727.1,443293066
NIFTY ALPHA 50,31-Jul-23,2023,7,33856.35,34065.2,33803.2,33995.7,485953021
NIFTY ALPHA 50,01-Aug-23,2023,8,34128,34133.8,33762.35,33841.55,383568224
NIFTY ALPHA 50,02-Aug-23,2023,8,33810.9,33832.3,33038.25,33402.8,519857294
NIFTY ALPHA 50,03-Aug-23,2023,8,33400.5,33561.15,33073.25,33343.35,389657965
NIFTY ALPHA 50,04-Aug-23,2023,8,33501.3,33659.5,33429.35,33494.25,375624632
NIFTY ALPHA 50,07-Aug-23,2023,8,33604.45,33677.95,33471.65,33592.85,343159179
NIFTY ALPHA 50,08-Aug-23,2023,8,33700.7,33850.9,33422,33807.45,370836789
NIFTY ALPHA 50,09-Aug-23,2023,8,33887,33914.7,33641.45,33841.35,350183048
NIFTY ALPHA 50,10-Aug-23,2023,8,33891.9,33947.9,33618.45,33721.5,455512321
NIFTY ALPHA 50,11-Aug-23,2023,8,33873.4,33962.05,33668.65,33726.75,436735100
NIFTY ALPHA 50,14-Aug-23,2023,8,33759.05,33759.6,33056.45,33534.45,322046736
NIFTY ALPHA 50,16-Aug-23,2023,8,33469.35,33649.65,33355.15,33583.85,312220516
NIFTY ALPHA 50,17-Aug-23,2023,8,33665.2,33857.1,33566.8,33627.55,431847666
NIFTY ALPHA 50,18-Aug-23,2023,8,33645,33807.6,33495.5,33638.35,359831369
NIFTY ALPHA 50,21-Aug-23,2023,8,33742.1,33813.6,33608.2,33778.5,292402051
NIFTY ALPHA 50,22-Aug-23,2023,8,33861.85,34118.2,33852.8,34092.15,422255090
NIFTY ALPHA 50,23-Aug-23,2023,8,34200.65,34489.15,34162.65,34383.1,448207157
NIFTY ALPHA 50,24-Aug-23,2023,8,34612.1,34654.25,34195.05,34246.75,366492414
NIFTY ALPHA 50,25-Aug-23,2023,8,34202.25,34306.8,33783.35,33905.5,326870638
NIFTY ALPHA 50,28-Aug-23,2023,8,34065.95,34130.9,33909.1,33978.15,324821592
NIFTY ALPHA 50,29-Aug-23,2023,8,34084.3,34159.95,34011.7,34115.45,402520402
NIFTY ALPHA 50,30-Aug-23,2023,8,34298.15,34445.05,34261.15,34424.75,392074421
NIFTY ALPHA 50,31-Aug-23,2023,8,34589.5,34829.65,34526.05,34723.85,1134861706
NIFTY ALPHA 50,01-Sep-23,2023,9,34787.85,35126.55,34674.35,35082.65,1041881599
NIFTY ALPHA 50,04-Sep-23,2023,9,35305.75,35650.05,35223.95,35491.25,1300235820
NIFTY ALPHA 50,05-Sep-23,2023,9,35712,36014,35661.25,35885.15,868273793
NIFTY ALPHA 50,06-Sep-23,2023,9,36004.95,36006.2,35599.55,35680.75,504652016
NIFTY ALPHA 50,07-Sep-23,2023,9,35772.1,35901.6,35729.35,35839.95,593429682
NIFTY ALPHA 50,08-Sep-23,2023,9,35991.65,36230.65,35968.15,36197.55,592794541
NIFTY ALPHA 50,11-Sep-23,2023,9,36478.95,36835.4,36423.75,36799.55,730236809
NIFTY ALPHA 50,12-Sep-23,2023,9,37034,37040.75,35456.2,35508.65,953900661
NIFTY ALPHA 50,13-Sep-23,2023,9,35558.05,35791.45,34916.5,35738.2,925022771
NIFTY ALPHA 50,14-Sep-23,2023,9,35967.85,36179.1,35854.75,36109.75,750147529
NIFTY ALPHA 50,15-Sep-23,2023,9,36235.2,36376.8,35939.95,36010.45,855528754
NIFTY ALPHA 50,18-Sep-23,2023,9,36137.15,36243.65,36038.6,36120.75,1202897477
NIFTY ALPHA 50,20-Sep-23,2023,9,36056.25,36225.75,35800.45,35888.9,711676919
NIFTY ALPHA 50,21-Sep-23,2023,9,35834.4,36051.6,35449.25,35552.45,632320871
NIFTY ALPHA 50,22-Sep-23,2023,9,35663.2,35849.5,35436.15,35667.5,642818859
NIFTY ALPHA 50,25-Sep-23,2023,9,35793.5,35834.7,35507.95,35763.25,564520367
NIFTY ALPHA 50,26-Sep-23,2023,9,35822.75,36021.2,35798.25,35986,447857824
NIFTY ALPHA 50,27-Sep-23,2023,9,36142.9,36426.3,35985.65,36373.85,591946827
NIFTY ALPHA 50,28-Sep-23,2023,9,36477.15,36720.3,36023.45,36093.4,720887128
NIFTY ALPHA 50,29-Sep-23,2023,9,36279.3,36648.8,36237.9,36496.65,481425384
NIFTY ALPHA 50,03-Oct-23,2023,10,36523.55,36842.5,36399.2,36802.7,644994761
NIFTY ALPHA 50,04-Oct-23,2023,10,36781.8,36781.8,35904.4,36154.1,857995619
NIFTY ALPHA 50,05-Oct-23,2023,10,36433.2,36555.9,36061.55,36124.2,703966039
NIFTY ALPHA 50,06-Oct-23,2023,10,36248.5,36419.6,36098.9,36326.8,608898639
NIFTY ALPHA 50,09-Oct-23,2023,10,35860.65,35904.65,35450.5,35546.25,508765981
NIFTY ALPHA 50,10-Oct-23,2023,10,35654.85,36234.1,35654.85,36200,463794947
NIFTY ALPHA 50,11-Oct-23,2023,10,36451.35,36637.75,36357.05,36398.65,415673712
NIFTY ALPHA 50,12-Oct-23,2023,10,36568.05,36643.65,36437.95,36495.55,316702945
NIFTY ALPHA 50,13-Oct-23,2023,10,36378.4,36495.9,36311.85,36378.6,337024241
NIFTY ALPHA 50,16-Oct-23,2023,10,36464.65,36654.5,36414.8,36572.8,348783330
NIFTY ALPHA 50,17-Oct-23,2023,10,36796.25,37036.55,36773.95,36994.65,507842029
NIFTY ALPHA 50,18-Oct-23,2023,10,37119.6,37251.05,36610.7,36657.8,525205282
NIFTY ALPHA 50,19-Oct-23,2023,10,36512.35,36773.1,36349.2,36707.2,401902383
NIFTY ALPHA 50,20-Oct-23,2023,10,36712,36814.4,36227.65,36402.65,685798034
NIFTY ALPHA 50,23-Oct-23,2023,10,36531.45,36596.9,34925.55,35060.45,592162101
NIFTY ALPHA 50,25-Oct-23,2023,10,35291.35,35561.05,34289.4,34748.55,505519672
NIFTY ALPHA 50,26-Oct-23,2023,10,34594.1,34619,33728.15,34466.75,647573893
NIFTY ALPHA 50,27-Oct-23,2023,10,34821.45,35474.05,34813.8,35290.55,530007161
NIFTY ALPHA 50,30-Oct-23,2023,10,35455.25,35480.85,34931.75,35259.3,432175510
NIFTY ALPHA 50,31-Oct-23,2023,10,35504.45,35650.45,35163.5,35216.15,362217115
NIFTY ALPHA 50,01-Nov-23,2023,11,35284.8,35349.55,35069.9,35187.05,318173422
NIFTY ALPHA 50,02-Nov-23,2023,11,35523.65,35856.3,35523.2,35818.1,403274754
NIFTY ALPHA 50,03-Nov-23,2023,11,36073.75,36170.8,35974.75,36058.1,394412776
NIFTY ALPHA 50,06-Nov-23,2023,11,36397.25,36438.6,36236.8,36381.95,283573123
NIFTY ALPHA 50,07-Nov-23,2023,11,36505,36564.5,36311.65,36518.7,465717474
NIFTY ALPHA 50,08-Nov-23,2023,11,36743.25,37067.15,36727.35,36976.15,441353901
NIFTY ALPHA 50,09-Nov-23,2023,11,37128.55,37183.2,36972.65,37023.1,354384282
NIFTY ALPHA 50,10-Nov-23,2023,11,36965.35,37316,36905.5,37286.65,286170504
NIFTY ALPHA 50,12-Nov-23,2023,11,37625.65,37678.35,37577.5,37615.85,80962764
NIFTY ALPHA 50,13-Nov-23,2023,11,37582.55,37947.5,37412.95,37896.6,533459157
NIFTY ALPHA 50,15-Nov-23,2023,11,38297.7,38407.9,38077.1,38227.25,526669351
NIFTY ALPHA 50,16-Nov-23,2023,11,38285.4,38566.2,38216.35,38458.55,376213338
NIFTY ALPHA 50,17-Nov-23,2023,11,38405.7,38623.7,38227,38538.05,634236528
NIFTY ALPHA 50,20-Nov-23,2023,11,38639.35,38842.1,38544.25,38762.5,406773445
NIFTY ALPHA 50,21-Nov-23,2023,11,38945.6,38962.05,38369.95,38397.8,403659182
NIFTY ALPHA 50,22-Nov-23,2023,11,38338,38392.25,37852.45,38098.1,336493928
NIFTY ALPHA 50,23-Nov-23,2023,11,38145.45,38382.3,38102.3,38249.55,312032046
NIFTY ALPHA 50,24-Nov-23,2023,11,38364.45,38533.9,38287,38316.5,428558159
NIFTY ALPHA 50,28-Nov-23,2023,11,38516.1,38549.4,38238.4,38335.65,419240351
NIFTY ALPHA 50,29-Nov-23,2023,11,38591.35,38752.35,38425.2,38710.2,428770256
NIFTY ALPHA 50,30-Nov-23,2023,11,38812.85,39200.1,38577.4,39097.85,1424325442
NIFTY ALPHA 50,01-Dec-23,2023,12,39380.5,39730.9,39309.85,39649.65,617246970
NIFTY ALPHA 50,04-Dec-23,2023,12,40509.4,40555.8,40184.5,40408.9,641951504
NIFTY ALPHA 50,05-Dec-23,2023,12,40635.45,40744.2,40141.5,40494.45,557214301
NIFTY ALPHA 50,06-Dec-23,2023,12,40684.7,40765.9,40428.65,40715.1,531200068
NIFTY ALPHA 50,07-Dec-23,2023,12,40782.9,40812.95,40385.3,40776.45,553625927
NIFTY ALPHA 50,08-Dec-23,2023,12,40951.05,41046.55,40354.85,40686.75,503803601
NIFTY ALPHA 50,11-Dec-23,2023,12,40881.25,41311.35,40831.15,41276.15,670439951
NIFTY ALPHA 50,12-Dec-23,2023,12,41512.75,41540.5,41057,41276.55,534255611
NIFTY ALPHA 50,13-Dec-23,2023,12,41395.85,41826,41283.4,41759.8,715956906
NIFTY ALPHA 50,14-Dec-23,2023,12,42103.3,42409.05,42059.35,42340.3,965555449
NIFTY ALPHA 50,15-Dec-23,2023,12,42597.7,42671.85,42248.1,42518.9,955708876
NIFTY ALPHA 50,18-Dec-23,2023,12,42601.25,42654.9,42130.75,42508.95,542049657
NIFTY ALPHA 50,19-Dec-23,2023,12,42672,42737.4,42205.1,42490.2,726767550
NIFTY ALPHA 50,20-Dec-23,2023,12,42869.8,42985.4,40850.3,41005.1,784189520
NIFTY ALPHA 50,21-Dec-23,2023,12,40411.5,41743.5,39962.6,41666.65,747181657
NIFTY ALPHA 50,22-Dec-23,2023,12,42001.75,42095.95,41473.6,41811.6,447099918
NIFTY ALPHA 50,26-Dec-23,2023,12,41976,42067.3,41752.1,41962.35,372739092
NIFTY ALPHA 50,27-Dec-23,2023,12,42190.8,42269.95,41779,42025.45,380643487
NIFTY ALPHA 50,28-Dec-23,2023,12,42231,42342.55,42020.55,42059.4,698887147
NIFTY ALPHA 50,29-Dec-23,2023,12,42233.6,42381.85,41950.45,42306.3,511585500
NIFTY ALPHA 50,01-Jan-24,2024,1,42421.65,42579,42333.7,42422.35,480083951
NIFTY ALPHA 50,02-Jan-24,2024,1,42528.1,42625.15,41800.7,42330.5,516278605
NIFTY ALPHA 50,03-Jan-24,2024,1,42342.85,42648.85,42135.65,42480.35,565539445
NIFTY ALPHA 50,04-Jan-24,2024,1,42701.9,43111.45,42695.8,43080.2,472758180
NIFTY ALPHA 50,05-Jan-24,2024,1,43319.75,43380.8,42979.55,43353.25,548249870
NIFTY ALPHA 50,08-Jan-24,2024,1,43583.15,43592.7,43143.3,43343.05,422082221
NIFTY ALPHA 50,09-Jan-24,2024,1,43669.65,43753,43244.45,43325.85,408660158
NIFTY ALPHA 50,10-Jan-24,2024,1,43484.15,43518.15,42976.75,43432,575948175
NIFTY ALPHA 50,11-Jan-24,2024,1,43544.05,43676.4,43279.35,43397,575661944
NIFTY ALPHA 50,12-Jan-24,2024,1,43613.45,43813.25,43466.45,43748.6,662932847
NIFTY ALPHA 50,15-Jan-24,2024,1,44048,44516.8,43960.1,44378.05,1040396948
NIFTY ALPHA 50,16-Jan-24,2024,1,44536.8,44706,43851.55,44363.6,1052532463
NIFTY ALPHA 50,17-Jan-24,2024,1,43965.9,44564.15,43544.55,44157.6,1093747746
NIFTY ALPHA 50,18-Jan-24,2024,1,44210.65,44415.3,42854.1,44251.1,1047365098
NIFTY ALPHA 50,19-Jan-24,2024,1,44702.75,45435.25,44656.9,45381.95,1260553603
NIFTY ALPHA 50,20-Jan-24,2024,1,45814.95,46017.85,45648.8,45752.4,711854987
NIFTY ALPHA 50,23-Jan-24,2024,1,46328.85,46438.8,43584.2,43958.4,1145391163
NIFTY ALPHA 50,24-Jan-24,2024,1,44071.8,45142.35,43085.3,45056.8,915666869
NIFTY ALPHA 50,25-Jan-24,2024,1,45262.2,45283.4,44625.45,45055.7,770262907
NIFTY ALPHA 50,29-Jan-24,2024,1,45290,45926.6,45126.1,45895.4,864766335
NIFTY ALPHA 50,30-Jan-24,2024,1,46112.05,46360.95,45927.65,45991.3,840403143
NIFTY ALPHA 50,31-Jan-24,2024,1,46195.05,47121.35,46097.9,47075.2,864428251
NIFTY ALPHA 50,01-Feb-24,2024,2,47237.5,47265.75,46385,46758.5,1032653936
NIFTY ALPHA 50,02-Feb-24,2024,2,46947.2,47451.85,46857.75,47086.15,1321286995
NIFTY ALPHA 50,05-Feb-24,2024,2,47227.1,47362.5,46519.25,46752,1229644186
NIFTY ALPHA 50,06-Feb-24,2024,2,46951.05,47064,46299.55,46896.7,749099870
NIFTY ALPHA 50,07-Feb-24,2024,2,47169.45,47538.55,46902.5,47499.1,645169559
NIFTY ALPHA 50,08-Feb-24,2024,2,47861.2,47926.05,47326.8,47460.25,794705798
NIFTY ALPHA 50,09-Feb-24,2024,2,47378.95,47437.8,45631.5,46578.95,1106931711
NIFTY ALPHA 50,12-Feb-24,2024,2,46719.65,46762.95,44845.45,45018.45,1102766095
NIFTY ALPHA 50,13-Feb-24,2024,2,44911.3,45424,44219.1,45310.55,1242925846
NIFTY ALPHA 50,14-Feb-24,2024,2,44624.5,45907.45,44386.3,45796.6,837176043
NIFTY ALPHA 50,15-Feb-24,2024,2,46125.05,46499.7,46045.05,46321.3,817218984
NIFTY ALPHA 50,16-Feb-24,2024,2,46598.6,46697.15,46414.4,46543.05,323476278.8
NIFTY ALPHA 50,19-Feb-24,2024,2,46886.15,47167.45,46781.1,46823.45,646443506
NIFTY ALPHA 50,20-Feb-24,2024,2,46983.25,47016.1,46608.45,46681.9,474742187
NIFTY ALPHA 50,21-Feb-24,2024,2,46875.25,47028.6,45899.95,46019,554792074
NIFTY ALPHA 50,22-Feb-24,2024,2,46239,46681.35,45579.7,46615.05,599683013
NIFTY ALPHA 50,23-Feb-24,2024,2,46859.85,47148.3,46735.85,46959.75,515438097
NIFTY ALPHA 50,26-Feb-24,2024,2,47050.55,47297.9,46850.2,46919.6,485584651
NIFTY ALPHA 50,27-Feb-24,2024,2,46965.1,47218.1,46803.75,47027.65,432008484
NIFTY ALPHA 50,28-Feb-24,2024,2,47173.95,47193.4,45747.95,46137.9,515374316
NIFTY ALPHA 50,29-Feb-24,2024,2,46049.5,46665.05,45437.95,46491.55,1447769593
NIFTY ALPHA 50,01-Mar-24,2024,3,46774.35,46986,46687,46864.55,439939461
NIFTY ALPHA 50,02-Mar-24,2024,3,47049.1,47164.45,46913.4,47130.2,42918993
NIFTY ALPHA 50,04-Mar-24,2024,3,47170.25,47250.65,46821.4,47128.9,651659879
NIFTY ALPHA 50,05-Mar-24,2024,3,47094.35,47102.8,46635.75,46755.2,564699716
NIFTY ALPHA 50,06-Mar-24,2024,3,46755.4,46760.05,45638.4,46336.05,683995339
NIFTY ALPHA 50,07-Mar-24,2024,3,46387.55,46841.8,46313.65,46686,449250190
NIFTY ALPHA 50,11-Mar-24,2024,3,47022.6,47072.25,46382.85,46477.15,478944349
NIFTY ALPHA 50,12-Mar-24,2024,3,46575.55,46596.85,45347.55,45774.1,498169766
NIFTY ALPHA 50,13-Mar-24,2024,3,45899.55,45934.35,43037.1,43434.9,880289017
NIFTY ALPHA 50,14-Mar-24,2024,3,43049.25,44822.7,42570.1,44767.95,894555268
NIFTY ALPHA 50,15-Mar-24,2024,3,44754.4,45022.9,43616.4,44583.65,1034420227
NIFTY ALPHA 50,18-Mar-24,2024,3,44528.35,44778.65,43934.2,44274.3,483598529
NIFTY ALPHA 50,19-Mar-24,2024,3,44286.85,44301.45,43510.25,43595.25,414847719
NIFTY ALPHA 50,20-Mar-24,2024,3,43823.7,44099.65,43239.15,43925.3,449912730
NIFTY ALPHA 50,21-Mar-24,2024,3,44561.55,45324.45,44553.1,45271.55,512939662
NIFTY ALPHA 50,22-Mar-24,2024,3,45204.4,45734.75,45038.9,45591.15,518612675
NIFTY ALPHA 50,26-Mar-24,2024,3,45607.55,46632.4,45516.75,46511.95,514746361
NIFTY ALPHA 50,27-Mar-24,2024,3,46678.8,47094.6,46666,46807.35,684040676
NIFTY ALPHA 50,28-Mar-24,2024,3,47147.6,47439.35,46902.9,47200.3,422041611
