Index Name,Date,Open,High,Low,Close,Volume
NIFTY200 QUALITY 30,01-Mar-19,9507.4,9548.8,9484.45,9512.6,55786179
NIFTY200 QUALITY 30,05-Mar-19,9504.05,9613.1,9480,9605.1,63712078
NIFTY200 QUALITY 30,06-Mar-19,9632.3,9645.2,9590.35,9618.3,70339549
NIFTY200 QUALITY 30,07-Mar-19,9646.8,9646.8,9546.85,9559.15,53603725
NIFTY200 QUALITY 30,08-Mar-19,9551.9,9560.15,9520.7,9549.95,58041727
NIFTY200 QUALITY 30,11-Mar-19,9581.45,9705.85,9577.05,9699.9,80480117
NIFTY200 QUALITY 30,12-Mar-19,9744.1,9793.85,9722.7,9741.2,75060479
NIFTY200 QUALITY 30,13-Mar-19,9764,9785.15,9696.1,9712.35,76341434
NIFTY200 QUALITY 30,14-Mar-19,9743.4,9744.1,9663,9697.65,58816550
NIFTY200 QUALITY 30,15-Mar-19,9715.5,9737.4,9681.1,9694.5,108978644
NIFTY200 QUALITY 30,18-Mar-19,9730.7,9737.25,9635.25,9656.4,54082597
NIFTY200 QUALITY 30,19-Mar-19,9679.8,9690.95,9624.85,9681.25,65524287
NIFTY200 QUALITY 30,20-Mar-19,9704.55,9709.05,9624.25,9636.3,85022744
NIFTY200 QUALITY 30,22-Mar-19,9641.55,9676.2,9578.85,9602.95,70623671
NIFTY200 QUALITY 30,25-Mar-19,9570.75,9570.75,9512.5,9550.75,49999495
NIFTY200 QUALITY 30,26-Mar-19,9569.8,9627.15,9537.55,9616.05,62500117
NIFTY200 QUALITY 30,27-Mar-19,9640.15,9651.9,9558.1,9571.7,54357076
NIFTY200 QUALITY 30,28-Mar-19,9592.6,9667.1,9587.45,9639.5,99733879
NIFTY200 QUALITY 30,29-Mar-19,9687.3,9689.75,9641.2,9684.7,74719448
NIFTY200 QUALITY 30,01-Apr-19,9727.05,9760.95,9690.5,9707.3,65211858
NIFTY200 QUALITY 30,02-Apr-19,9738,9765.05,9685.9,9708.8,64285346
NIFTY200 QUALITY 30,03-Apr-19,9732.15,9743.6,9677.55,9688.8,65461395
NIFTY200 QUALITY 30,04-Apr-19,9712.75,9712.75,9650.7,9700.65,57675813
NIFTY200 QUALITY 30,05-Apr-19,9726.95,9735.5,9689.9,9713.15,48496801
NIFTY200 QUALITY 30,08-Apr-19,9735.7,9741.5,9655.3,9697.85,43271740
NIFTY200 QUALITY 30,09-Apr-19,9701.85,9749.5,9671.65,9741.4,50787380
NIFTY200 QUALITY 30,10-Apr-19,9741.5,9748.15,9682.45,9693.9,52726911
NIFTY200 QUALITY 30,11-Apr-19,9694.55,9716.75,9666.95,9690.15,46486449
NIFTY200 QUALITY 30,12-Apr-19,9700.8,9753.1,9691.6,9745.75,63251822
NIFTY200 QUALITY 30,15-Apr-19,9774.55,9836.8,9768.45,9828.75,96802426
NIFTY200 QUALITY 30,16-Apr-19,9865.45,9903.3,9856.55,9888,122390341
NIFTY200 QUALITY 30,18-Apr-19,9909.7,9921.45,9848.9,9860.95,64589038
NIFTY200 QUALITY 30,22-Apr-19,9842.7,9846.45,9783.6,9789.5,37368378
NIFTY200 QUALITY 30,23-Apr-19,9799,9811.85,9748.6,9762.15,42588774
NIFTY200 QUALITY 30,24-Apr-19,9777.65,9853.4,9762.4,9845.05,65023099
NIFTY200 QUALITY 30,25-Apr-19,9857,9863.4,9773.1,9782.3,92860211
NIFTY200 QUALITY 30,26-Apr-19,9807.85,9830.8,9773.1,9801.15,36773404
NIFTY200 QUALITY 30,30-Apr-19,9791.75,9838.35,9766.55,9830.3,65201051
NIFTY200 QUALITY 30,02-May-19,9803.95,9833.4,9720.85,9729.05,62786144
NIFTY200 QUALITY 30,03-May-19,9706.3,9718.45,9638.7,9651.55,50539725
NIFTY200 QUALITY 30,06-May-19,9596.75,9622.1,9543.85,9558.75,48203414
NIFTY200 QUALITY 30,07-May-19,9602.45,9643.9,9533.1,9543.3,68456085
NIFTY200 QUALITY 30,08-May-19,9533.4,9538.15,9464.2,9474.85,53084737
NIFTY200 QUALITY 30,09-May-19,9458.5,9508.5,9444.9,9485.1,57602140
NIFTY200 QUALITY 30,10-May-19,9461,9474.55,9418.05,9443.05,57736213
NIFTY200 QUALITY 30,13-May-19,9425.35,9466.9,9351.1,9367.2,73489085
NIFTY200 QUALITY 30,14-May-19,9350.75,9388.75,9268.55,9347.65,64548925
NIFTY200 QUALITY 30,15-May-19,9359.8,9395.65,9315.25,9327.75,59010416
NIFTY200 QUALITY 30,16-May-19,9348,9397.55,9308.75,9375.45,38757880
NIFTY200 QUALITY 30,17-May-19,9382.45,9516.55,9371.45,9501.85,58873592
NIFTY200 QUALITY 30,20-May-19,9653.6,9689.3,9546.95,9677.75,66370975
NIFTY200 QUALITY 30,21-May-19,9702.75,9705.35,9586.15,9605.6,54049028
NIFTY200 QUALITY 30,22-May-19,9602.9,9624.3,9556,9609.8,52262328
NIFTY200 QUALITY 30,23-May-19,9714.45,9726.9,9524.15,9552.05,79668657
NIFTY200 QUALITY 30,24-May-19,9605.8,9653,9519.1,9638.9,66984533
NIFTY200 QUALITY 30,27-May-19,9634.75,9638.35,9585.25,9606.8,62130298
NIFTY200 QUALITY 30,28-May-19,9636.9,9663.8,9608.1,9623.3,104536242
NIFTY200 QUALITY 30,29-May-19,9620.05,9632.8,9581.45,9603.8,56877650
NIFTY200 QUALITY 30,30-May-19,9625.05,9639.55,9596.2,9608.9,79143063
NIFTY200 QUALITY 30,31-May-19,9663,9738.75,9627.65,9664.55,98060382
NIFTY200 QUALITY 30,03-Jun-19,9693.8,9869.2,9670.7,9856,73187173
NIFTY200 QUALITY 30,04-Jun-19,9828.5,9830.75,9738.45,9750.2,63576262
NIFTY200 QUALITY 30,06-Jun-19,9788.3,9793.75,9728.6,9740.15,66744994
NIFTY200 QUALITY 30,07-Jun-19,9748,9753.55,9659.35,9712.7,41909118
NIFTY200 QUALITY 30,10-Jun-19,9768.55,9831.2,9759.85,9801.75,45808263
NIFTY200 QUALITY 30,11-Jun-19,9830.15,9838.05,9794.55,9821.6,46269124
NIFTY200 QUALITY 30,12-Jun-19,9820.15,9820.15,9736.75,9776.55,42013596
NIFTY200 QUALITY 30,13-Jun-19,9753.75,9767.8,9695.4,9746.9,39883342
NIFTY200 QUALITY 30,14-Jun-19,9737.2,9744.55,9631.2,9649.25,37449674
NIFTY200 QUALITY 30,17-Jun-19,9655.65,9660.15,9561.95,9575.2,39522368
NIFTY200 QUALITY 30,18-Jun-19,9577.35,9600,9529.55,9578.8,50773829
NIFTY200 QUALITY 30,19-Jun-19,9614.1,9636.1,9520.15,9562.4,38245223
NIFTY200 QUALITY 30,20-Jun-19,9512.55,9660.65,9497.65,9652.15,48776617
NIFTY200 QUALITY 30,21-Jun-19,9646.45,9649.05,9546.1,9566.7,96780372
NIFTY200 QUALITY 30,24-Jun-19,9572.1,9582.7,9506.4,9527.15,40891983
NIFTY200 QUALITY 30,25-Jun-19,9512.1,9577.6,9478.1,9567.95,41189821
NIFTY200 QUALITY 30,26-Jun-19,9539.4,9585.45,9531.8,9539.75,44165780
NIFTY200 QUALITY 30,27-Jun-19,9547.45,9581.05,9523.65,9534.6,89543725
NIFTY200 QUALITY 30,28-Jun-19,9554.85,9565.55,9487.15,9496.25,58222479
NIFTY200 QUALITY 30,01-Jul-19,9530.85,9553.65,9506.1,9512.25,52742138
NIFTY200 QUALITY 30,02-Jul-19,9522.6,9580.9,9487.35,9571.9,53388543
NIFTY200 QUALITY 30,03-Jul-19,9593.05,9602.9,9568.65,9576.6,78311093
NIFTY200 QUALITY 30,04-Jul-19,9579.55,9601.25,9573.15,9584.8,72345615
NIFTY200 QUALITY 30,05-Jul-19,9602.9,9619.6,9444.8,9465.65,103591704
NIFTY200 QUALITY 30,08-Jul-19,9437.05,9437.05,9271.9,9290.05,71701358
NIFTY200 QUALITY 30,09-Jul-19,9267.2,9267.5,9148,9204.55,87303300
NIFTY200 QUALITY 30,10-Jul-19,9187.05,9255.35,9147.7,9158,68396307
NIFTY200 QUALITY 30,11-Jul-19,9192.65,9221.95,9136.5,9214.15,59837730
NIFTY200 QUALITY 30,12-Jul-19,9212.15,9279.55,9198.2,9232.7,59729329
NIFTY200 QUALITY 30,15-Jul-19,9275.8,9283.3,9196.75,9256.6,76634914
NIFTY200 QUALITY 30,16-Jul-19,9244.25,9334.05,9218.75,9326.9,62809902
NIFTY200 QUALITY 30,17-Jul-19,9322.35,9381,9307.55,9373.85,57768322
NIFTY200 QUALITY 30,18-Jul-19,9358.25,9359.1,9270,9281,66655131
NIFTY200 QUALITY 30,19-Jul-19,9306.55,9321.2,9113.35,9130.1,90135032
NIFTY200 QUALITY 30,22-Jul-19,9123.85,9169.9,9072.75,9142.2,61754246
NIFTY200 QUALITY 30,23-Jul-19,9159.95,9201.8,9134.25,9158.5,68517616
NIFTY200 QUALITY 30,24-Jul-19,9151.25,9173.8,9035.95,9076.05,70853381
NIFTY200 QUALITY 30,25-Jul-19,9085.05,9136.75,9073.8,9094.35,94896022
NIFTY200 QUALITY 30,26-Jul-19,9084.65,9189.1,9058.05,9160,57976862
NIFTY200 QUALITY 30,29-Jul-19,9111.15,9126.35,9017,9033.5,81286721
NIFTY200 QUALITY 30,30-Jul-19,9035.15,9081.25,8933.35,8945.2,97026603
NIFTY200 QUALITY 30,31-Jul-19,8932.8,9028.25,8841.6,9013.85,94793589
NIFTY200 QUALITY 30,01-Aug-19,8973.85,9005.9,8875.9,8945.95,70416568
NIFTY200 QUALITY 30,02-Aug-19,8908.05,9042.25,8851.8,8990.25,82757885
NIFTY200 QUALITY 30,05-Aug-19,8931.05,8983.5,8871.75,8953.75,83226547
NIFTY200 QUALITY 30,06-Aug-19,8926.9,9096.75,8925.7,9077.85,100902395
NIFTY200 QUALITY 30,07-Aug-19,9074.75,9104.35,9011.6,9025.05,97111745
NIFTY200 QUALITY 30,08-Aug-19,9060.75,9197.2,9048.85,9183.05,87942228
NIFTY200 QUALITY 30,09-Aug-19,9200.05,9293.1,9195.95,9255.8,101370533
NIFTY200 QUALITY 30,13-Aug-19,9257.25,9257.25,9099.95,9110.8,106536158
NIFTY200 QUALITY 30,14-Aug-19,9144.55,9192.05,9087.05,9151.8,95271459
NIFTY200 QUALITY 30,16-Aug-19,9127.35,9199.25,9044.7,9191.95,99249865
NIFTY200 QUALITY 30,19-Aug-19,9230.7,9265.35,9163.6,9172.65,72101667
NIFTY200 QUALITY 30,20-Aug-19,9194.55,9213.3,9144.1,9187.05,86592044
NIFTY200 QUALITY 30,21-Aug-19,9183.95,9195.35,9105.35,9118.1,79857143
NIFTY200 QUALITY 30,22-Aug-19,9103.15,9121.8,9051.75,9062.8,88724132
NIFTY200 QUALITY 30,23-Aug-19,9050.8,9152.1,9026.65,9126.25,96708529
NIFTY200 QUALITY 30,26-Aug-19,9240.3,9240.9,9044.4,9221.55,82410465
NIFTY200 QUALITY 30,27-Aug-19,9253.5,9311.25,9204.5,9264.4,107622691
NIFTY200 QUALITY 30,28-Aug-19,9259,9298,9202.9,9242.55,74551924
NIFTY200 QUALITY 30,29-Aug-19,9202.45,9277.9,9174.1,9247.35,108048150
NIFTY200 QUALITY 30,30-Aug-19,9274.75,9339.7,9199.95,9322.4,90085288
NIFTY200 QUALITY 30,03-Sep-19,9288.1,9316,9180.55,9199.85,70058925
NIFTY200 QUALITY 30,04-Sep-19,9209.85,9242.1,9084.25,9155.05,66625966
NIFTY200 QUALITY 30,05-Sep-19,9177.75,9233.4,9175.85,9199.7,85591170
NIFTY200 QUALITY 30,06-Sep-19,9227.25,9266.8,9195.55,9261.2,95379482
NIFTY200 QUALITY 30,09-Sep-19,9245.65,9290.75,9208.05,9284.9,56559033
NIFTY200 QUALITY 30,11-Sep-19,9297.4,9331,9288,9319.15,74774338
NIFTY200 QUALITY 30,12-Sep-19,9330.55,9357.5,9257.35,9268.05,66987452
NIFTY200 QUALITY 30,13-Sep-19,9287.6,9336.7,9243,9326,72926931
NIFTY200 QUALITY 30,16-Sep-19,9284.15,9360.1,9263.45,9349.05,60715208
NIFTY200 QUALITY 30,17-Sep-19,9353.45,9354,9208.75,9218.2,73607369
NIFTY200 QUALITY 30,18-Sep-19,9252.7,9261.45,9175.6,9227.05,68860787
NIFTY200 QUALITY 30,19-Sep-19,9227.8,9227.8,9105.25,9128.35,71481046
NIFTY200 QUALITY 30,20-Sep-19,9153.9,9683.45,9104.45,9633.65,223101019
NIFTY200 QUALITY 30,23-Sep-19,9761.35,9991.55,9759.9,9885.3,156700686
NIFTY200 QUALITY 30,24-Sep-19,9913.3,9936.5,9833.75,9891.85,105653872
NIFTY200 QUALITY 30,25-Sep-19,9870.8,9871.3,9711.6,9730.65,90046971
NIFTY200 QUALITY 30,26-Sep-19,9734.8,9832.9,9729.5,9819.7,129139743
NIFTY200 QUALITY 30,27-Sep-19,9809.95,9834.35,9774.5,9789.1,86109823
NIFTY200 QUALITY 30,30-Sep-19,9782.25,9785.75,9660.4,9739.35,163292443
NIFTY200 QUALITY 30,01-Oct-19,9757.9,9789.65,9587.45,9663.3,152085208
NIFTY200 QUALITY 30,03-Oct-19,9660.95,9682.05,9589.85,9620.7,96789861
NIFTY200 QUALITY 30,04-Oct-19,9654.55,9667.65,9484.75,9496.55,92570555
NIFTY200 QUALITY 30,07-Oct-19,9504.2,9523.5,9430.7,9492.45,85256482
NIFTY200 QUALITY 30,09-Oct-19,9487.9,9552.95,9434.85,9546.55,91249685
NIFTY200 QUALITY 30,10-Oct-19,9531.4,9561.55,9481.3,9512.5,141610758
NIFTY200 QUALITY 30,11-Oct-19,9509.65,9616.6,9507.35,9606.45,185251517
NIFTY200 QUALITY 30,14-Oct-19,9605.8,9669.25,9588.75,9645.75,107913617
NIFTY200 QUALITY 30,15-Oct-19,9664,9771.4,9644.9,9735.55,112021430
NIFTY200 QUALITY 30,16-Oct-19,9753.55,9761.1,9672,9701.55,117460133
NIFTY200 QUALITY 30,17-Oct-19,9702.5,9839,9682.2,9831.1,160689989
NIFTY200 QUALITY 30,18-Oct-19,9825.8,9945,9815.35,9928.15,140239024
NIFTY200 QUALITY 30,22-Oct-19,9894.2,9948.95,9808.75,9824.35,230141408
NIFTY200 QUALITY 30,23-Oct-19,9816.9,9926.1,9805.95,9885.45,177242347
NIFTY200 QUALITY 30,24-Oct-19,9948.65,9963.5,9894.8,9924.75,142525174
NIFTY200 QUALITY 30,25-Oct-19,9966.7,9967.8,9876.6,9921.45,137708207
NIFTY200 QUALITY 30,27-Oct-19,9973.95,9988.6,9904,9928.25,15059058
NIFTY200 QUALITY 30,29-Oct-19,9938.45,10073.55,9894.4,10060.9,142573016
NIFTY200 QUALITY 30,30-Oct-19,10127.95,10128,10047.45,10090.85,155604552
NIFTY200 QUALITY 30,31-Oct-19,10118.5,10186.6,10115.9,10170.65,146554520
NIFTY200 QUALITY 30,01-Nov-19,10182.9,10215.05,10117.75,10136.05,127865247
NIFTY200 QUALITY 30,04-Nov-19,10155.85,10164.65,10069.6,10103.45,122819938
NIFTY200 QUALITY 30,05-Nov-19,10115.25,10117.1,10030.95,10083.2,125233437
NIFTY200 QUALITY 30,06-Nov-19,10053.45,10096.9,10011.7,10053.65,141886258
NIFTY200 QUALITY 30,07-Nov-19,10102.8,10126.35,10049.15,10114.75,164532218
NIFTY200 QUALITY 30,08-Nov-19,10123.6,10133.8,10001.7,10010.75,150284153
NIFTY200 QUALITY 30,11-Nov-19,9995.5,10028.9,9954.65,9967.75,106303323
NIFTY200 QUALITY 30,13-Nov-19,10000.35,10021.05,9876.6,9893.8,125566164
NIFTY200 QUALITY 30,14-Nov-19,9911.65,9934.95,9875.55,9901.1,104538094
NIFTY200 QUALITY 30,15-Nov-19,9929.75,9957.55,9853.6,9864.75,93791806
NIFTY200 QUALITY 30,18-Nov-19,9869.15,9883.95,9795.15,9805.1,86975321
NIFTY200 QUALITY 30,19-Nov-19,9832.7,9834.15,9764.5,9785.7,80605578
NIFTY200 QUALITY 30,20-Nov-19,9808.45,9833.6,9771.9,9821.85,71512926
NIFTY200 QUALITY 30,21-Nov-19,9835.4,9850.3,9740,9752.6,119978540
NIFTY200 QUALITY 30,22-Nov-19,9741.7,9746.7,9636.45,9672.5,130512946
NIFTY200 QUALITY 30,25-Nov-19,9684.4,9814.9,9681.55,9804.4,110692612
NIFTY200 QUALITY 30,26-Nov-19,9837.3,9870.15,9722.6,9736.8,239262181
NIFTY200 QUALITY 30,27-Nov-19,9762.25,9830.2,9756.7,9822.7,79953432
NIFTY200 QUALITY 30,28-Nov-19,9845.45,9883.2,9813.9,9872,217334735
NIFTY200 QUALITY 30,29-Nov-19,9884.75,9895,9746.75,9779.65,219834181
NIFTY200 QUALITY 30,02-Dec-19,9789.1,9793.35,9690.3,9731.65,151333785
NIFTY200 QUALITY 30,03-Dec-19,9746.35,9765.4,9694.4,9716.75,104432646
NIFTY200 QUALITY 30,04-Dec-19,9703.95,9757.7,9687.8,9746.35,95368376
NIFTY200 QUALITY 30,05-Dec-19,9754.55,9775.75,9718.8,9732.5,76624328
NIFTY200 QUALITY 30,06-Dec-19,9755.8,9773.6,9642.1,9660.6,88032289
NIFTY200 QUALITY 30,09-Dec-19,9693.6,9697.4,9635.6,9645.8,92909849
NIFTY200 QUALITY 30,10-Dec-19,9658.95,9659.5,9568.7,9577.5,105513921
NIFTY200 QUALITY 30,11-Dec-19,9594.15,9614.25,9558.75,9600.9,100199977
NIFTY200 QUALITY 30,12-Dec-19,9634.2,9668.9,9598.5,9635.35,109011128
NIFTY200 QUALITY 30,13-Dec-19,9671.6,9715.4,9662.9,9709.95,126581159
NIFTY200 QUALITY 30,16-Dec-19,9732.4,9754.95,9657,9665.15,102878894
NIFTY200 QUALITY 30,17-Dec-19,9697.95,9740.65,9687.05,9723.75,95316842
NIFTY200 QUALITY 30,18-Dec-19,9738.8,9790.5,9709.75,9776.05,105524857
NIFTY200 QUALITY 30,19-Dec-19,9785.7,9825.9,9771.5,9810.65,78321254
NIFTY200 QUALITY 30,20-Dec-19,9815.75,9846.05,9807.5,9819.3,111382892
NIFTY200 QUALITY 30,23-Dec-19,9813.95,9863.95,9801.15,9839.55,84755595
NIFTY200 QUALITY 30,24-Dec-19,9853.7,9858.25,9803.85,9813.75,80495198
NIFTY200 QUALITY 30,26-Dec-19,9827.4,9833.65,9772.25,9779.85,99465606
NIFTY200 QUALITY 30,27-Dec-19,9810.9,9870.1,9784.6,9858.35,91082624
NIFTY200 QUALITY 30,30-Dec-19,9874.9,9919.95,9865.15,9907.6,68560885
NIFTY200 QUALITY 30,31-Dec-19,9903,9909.2,9844.7,9853.35,80634401
NIFTY200 QUALITY 30,01-Jan-20,9874.45,9884.3,9848.2,9854.7,45983200
NIFTY200 QUALITY 30,02-Jan-20,9871.05,9873.55,9833.6,9844.9,76771458
NIFTY200 QUALITY 30,03-Jan-20,9836.15,9851.55,9801.4,9823.5,92848280
NIFTY200 QUALITY 30,06-Jan-20,9800.5,9805.35,9674.5,9689.45,84271103
NIFTY200 QUALITY 30,07-Jan-20,9718.75,9774.35,9698.1,9711.25,80163894
NIFTY200 QUALITY 30,08-Jan-20,9632.75,9699.6,9620.45,9681.5,77751913
NIFTY200 QUALITY 30,09-Jan-20,9759.85,9781.9,9733.2,9771.9,100058710
NIFTY200 QUALITY 30,10-Jan-20,9807.95,9865.4,9800.3,9847,95324254
NIFTY200 QUALITY 30,13-Jan-20,9890.3,9931.25,9885,9927.2,107630923
NIFTY200 QUALITY 30,14-Jan-20,9938.7,10042.35,9928.4,10034.15,81528819
NIFTY200 QUALITY 30,15-Jan-20,10038.85,10113.45,10016.75,10102.25,86329850
NIFTY200 QUALITY 30,16-Jan-20,10113,10155.45,10095.85,10146.6,71300053
NIFTY200 QUALITY 30,17-Jan-20,10147.15,10187.35,10133.55,10164.65,62756477
NIFTY200 QUALITY 30,20-Jan-20,10188,10200.9,10084.7,10093.15,74453891
NIFTY200 QUALITY 30,21-Jan-20,10071.6,10075.65,10007.65,10015.6,64317857
NIFTY200 QUALITY 30,22-Jan-20,10039.2,10039.9,9969.8,9981,89615395
NIFTY200 QUALITY 30,23-Jan-20,9983.85,10063.2,9975.8,10057.5,102074612
NIFTY200 QUALITY 30,24-Jan-20,10066.95,10179.5,10058.45,10164.35,85195742
NIFTY200 QUALITY 30,27-Jan-20,10145.35,10189.3,10112.35,10125.45,64453240
NIFTY200 QUALITY 30,28-Jan-20,10144.85,10145.25,10039.75,10058.3,78260859
NIFTY200 QUALITY 30,29-Jan-20,10108.05,10153.75,10099.35,10127.45,84286751
NIFTY200 QUALITY 30,30-Jan-20,10142.05,10145.45,9991.4,10009.75,85362392
NIFTY200 QUALITY 30,31-Jan-20,10050.95,10052.65,9886.4,9904.45,122810035
NIFTY200 QUALITY 30,01-Feb-20,9907.45,9980.65,9738.15,9766.1,133901639
NIFTY200 QUALITY 30,03-Feb-20,9749,9943.35,9746.95,9886.4,182199572
NIFTY200 QUALITY 30,04-Feb-20,9942.9,10034.95,9926.3,10014.6,143446818
NIFTY200 QUALITY 30,05-Feb-20,10049.85,10064.45,9970.45,10013.95,114182961
NIFTY200 QUALITY 30,06-Feb-20,10041.9,10088.9,9982.3,10025.9,185335150
NIFTY200 QUALITY 30,07-Feb-20,10061.7,10073.1,10022.15,10055.55,112079951
NIFTY200 QUALITY 30,10-Feb-20,10066.2,10066.2,9957.5,9979.1,81922581
NIFTY200 QUALITY 30,11-Feb-20,10038.9,10068.55,10005.35,10015.1,143105072
NIFTY200 QUALITY 30,12-Feb-20,10043.25,10131.45,10040.7,10097.65,129792522
NIFTY200 QUALITY 30,13-Feb-20,10101.85,10106.45,10048.1,10084.35,84701680
NIFTY200 QUALITY 30,14-Feb-20,10083.65,10119.75,9977.1,10001.8,88132847
NIFTY200 QUALITY 30,17-Feb-20,10019.45,10023.1,9932.05,9939.3,87105251
NIFTY200 QUALITY 30,18-Feb-20,9933.65,9943.65,9845.7,9925.45,110660188
NIFTY200 QUALITY 30,19-Feb-20,9988.2,10029.35,9949.1,10023.45,85989342
NIFTY200 QUALITY 30,20-Feb-20,10030.9,10062.5,9983.35,9990.7,141662842
NIFTY200 QUALITY 30,24-Feb-20,9962.05,9967.6,9795.9,9811,108976722
NIFTY200 QUALITY 30,25-Feb-20,9850.55,9898.7,9784.9,9796.8,109497781
NIFTY200 QUALITY 30,26-Feb-20,9766.7,9795.45,9682.5,9707.55,110597950
NIFTY200 QUALITY 30,27-Feb-20,9706.6,9710.45,9607.55,9694.75,104801698
NIFTY200 QUALITY 30,28-Feb-20,9514.5,9531.3,9337.4,9355.7,160874995
NIFTY200 QUALITY 30,02-Mar-20,9488.45,9587.15,9302.75,9367.4,158924877
NIFTY200 QUALITY 30,03-Mar-20,9436.95,9558.25,9384.8,9527.55,136958969
NIFTY200 QUALITY 30,04-Mar-20,9570.6,9603.05,9412.4,9561.6,141057497
NIFTY200 QUALITY 30,05-Mar-20,9610.05,9711.9,9605.1,9635.15,123450725
NIFTY200 QUALITY 30,06-Mar-20,9404,9541.9,9353.85,9506.75,128006808
NIFTY200 QUALITY 30,09-Mar-20,9352,9365.5,9040.75,9138.45,146187495
NIFTY200 QUALITY 30,11-Mar-20,9062.1,9214.75,9042.4,9146.25,180714041
NIFTY200 QUALITY 30,12-Mar-20,8863.65,8876.65,8408.15,8495.2,226698518
NIFTY200 QUALITY 30,13-Mar-20,8051.55,8755.3,7529.35,8531.4,227597779
NIFTY200 QUALITY 30,16-Mar-20,8322.1,8354.95,8000.55,8057.85,154827570
NIFTY200 QUALITY 30,17-Mar-20,8086.35,8321.95,7987.5,8097.85,173342357
NIFTY200 QUALITY 30,18-Mar-20,8201.35,8237.3,7723,7761.8,179050034
NIFTY200 QUALITY 30,19-Mar-20,7442.1,7772.6,7232.3,7513.65,284130860
NIFTY200 QUALITY 30,20-Mar-20,7569.85,8087.05,7539.6,7992.65,309539348
NIFTY200 QUALITY 30,23-Mar-20,7350.6,7518.2,7132.4,7169.7,178938078
NIFTY200 QUALITY 30,24-Mar-20,7300.5,7564.7,7202.85,7413.9,173429139
NIFTY200 QUALITY 30,25-Mar-20,7309.9,7668.25,7300.25,7627.3,169583113
NIFTY200 QUALITY 30,26-Mar-20,7730,7940.3,7646.3,7868.4,206968392
NIFTY200 QUALITY 30,27-Mar-20,8072.85,8124.6,7723.15,7816.85,159842171
NIFTY200 QUALITY 30,30-Mar-20,7644.55,7842.7,7598.55,7735.4,121854956
NIFTY200 QUALITY 30,31-Mar-20,7917.35,8092.4,7794,8042.1,141451423
NIFTY200 QUALITY 30,01-Apr-20,8030.55,8033.75,7772.25,7799.2,113583616
NIFTY200 QUALITY 30,03-Apr-20,7850.5,7853.9,7626.2,7640.85,162212887
NIFTY200 QUALITY 30,07-Apr-20,7887,8287.1,7873.35,8271.35,144362824
NIFTY200 QUALITY 30,08-Apr-20,8199.65,8588.65,8184.35,8308.6,150855059
NIFTY200 QUALITY 30,09-Apr-20,8495.55,8568.9,8430.05,8541.9,148549887
NIFTY200 QUALITY 30,13-Apr-20,8520.15,8534.5,8354,8446.35,108133103
NIFTY200 QUALITY 30,15-Apr-20,8553.1,8737.25,8543.8,8619.15,190273386
NIFTY200 QUALITY 30,16-Apr-20,8539.55,8679.55,8466.75,8616.15,183224220
NIFTY200 QUALITY 30,17-Apr-20,8825.1,8831.6,8579.6,8638.35,192507563
NIFTY200 QUALITY 30,20-Apr-20,8715.95,8718.05,8578.65,8598.3,159334411
NIFTY200 QUALITY 30,21-Apr-20,8430.95,8522.55,8412.45,8471.5,128424291
NIFTY200 QUALITY 30,22-Apr-20,8456.35,8686.35,8423.45,8673.15,128129686
NIFTY200 QUALITY 30,23-Apr-20,8686.2,8823.6,8666.25,8715.25,142404078
NIFTY200 QUALITY 30,24-Apr-20,8665.25,8739.5,8624.4,8639.65,113494459
NIFTY200 QUALITY 30,27-Apr-20,8717.95,8812.85,8709.05,8794,98331898
NIFTY200 QUALITY 30,28-Apr-20,8863.4,8873.3,8699.3,8721.65,101103861
NIFTY200 QUALITY 30,29-Apr-20,8771.85,8782.2,8717.75,8752.65,156767725
NIFTY200 QUALITY 30,30-Apr-20,8898.3,9017.35,8839.65,8981.1,167862378
NIFTY200 QUALITY 30,04-May-20,8721.2,8730.75,8533.75,8542.45,134924711
NIFTY200 QUALITY 30,05-May-20,8643.95,8669.7,8429,8439.55,124717218
NIFTY200 QUALITY 30,06-May-20,8451.3,8494.65,8304.75,8416.25,165621032
NIFTY200 QUALITY 30,07-May-20,8391.7,8407.15,8276,8287.95,311689780
NIFTY200 QUALITY 30,08-May-20,8423.4,8424,8350.2,8369.1,139192252
NIFTY200 QUALITY 30,11-May-20,8445.15,8535.85,8428.6,8466.15,110795705
NIFTY200 QUALITY 30,12-May-20,8425.2,8478.1,8326.15,8461.9,132315587
NIFTY200 QUALITY 30,13-May-20,8721.05,8721.15,8494.05,8513.2,156250513
NIFTY200 QUALITY 30,14-May-20,8412.6,8506.4,8391.75,8453.95,153178205
NIFTY200 QUALITY 30,15-May-20,8495.15,8495.45,8386.25,8433.5,110978679
NIFTY200 QUALITY 30,18-May-20,8446,8449.15,8253.95,8264.95,142534331
NIFTY200 QUALITY 30,19-May-20,8329.45,8368.85,8274.75,8310.3,112664930
NIFTY200 QUALITY 30,20-May-20,8310.85,8425.6,8294.05,8403.65,108831591
NIFTY200 QUALITY 30,21-May-20,8432.35,8530.35,8401.45,8513.9,138470429
NIFTY200 QUALITY 30,22-May-20,8488.75,8545.75,8440.8,8518.75,134178703
NIFTY200 QUALITY 30,26-May-20,8573.2,8615.5,8536.4,8559.05,133776302
NIFTY200 QUALITY 30,27-May-20,8588,8630.5,8480.1,8622.2,115098355
NIFTY200 QUALITY 30,28-May-20,8643.45,8809.4,8603.55,8788.2,123875031
NIFTY200 QUALITY 30,29-May-20,8731,9014.15,8704.7,8987.25,212960445
NIFTY200 QUALITY 30,01-Jun-20,9061.7,9198.95,9051.3,9151.5,160635184
NIFTY200 QUALITY 30,02-Jun-20,9196.45,9242.45,9129.95,9153.85,113434253
NIFTY200 QUALITY 30,03-Jun-20,9249.45,9297.9,9170.65,9192.7,120977786
NIFTY200 QUALITY 30,04-Jun-20,9198.65,9270.4,9124.7,9206.35,124708819
NIFTY200 QUALITY 30,05-Jun-20,9264.2,9269.2,9167.35,9209.25,99932880
NIFTY200 QUALITY 30,08-Jun-20,9301.45,9301.6,9182.45,9201.45,169254356
NIFTY200 QUALITY 30,09-Jun-20,9217.85,9306.85,9138.25,9156.95,179210355
NIFTY200 QUALITY 30,10-Jun-20,9174.45,9196,9097.85,9125.45,158199175
NIFTY200 QUALITY 30,11-Jun-20,9126.25,9167,8973.4,8987.15,124781836
NIFTY200 QUALITY 30,12-Jun-20,8715.2,9034.05,8712.3,9019.55,132464364
NIFTY200 QUALITY 30,15-Jun-20,9025.05,9050.85,8879.55,8907.2,114716318
NIFTY200 QUALITY 30,16-Jun-20,9032.2,9048.6,8855.9,8927.1,122129742
NIFTY200 QUALITY 30,17-Jun-20,8908.95,8976.65,8894.45,8918.2,110238720
NIFTY200 QUALITY 30,18-Jun-20,8908.95,8973.7,8878.5,8949.45,133250140
NIFTY200 QUALITY 30,19-Jun-20,8980.85,9029.8,8935.95,9012.8,240445162
NIFTY200 QUALITY 30,22-Jun-20,9070.9,9166.7,9047.05,9140.2,193231810
NIFTY200 QUALITY 30,23-Jun-20,9176.2,9271.05,9161.6,9259.6,166192975
NIFTY200 QUALITY 30,24-Jun-20,9303.5,9411.2,9233.35,9253.65,196854626
NIFTY200 QUALITY 30,25-Jun-20,9205.1,9312.75,9176.45,9252.9,273867872
NIFTY200 QUALITY 30,26-Jun-20,9328.4,9371.5,9283.5,9310.3,211967461
NIFTY200 QUALITY 30,29-Jun-20,9294.1,9306.9,9206.45,9229.6,198283979
NIFTY200 QUALITY 30,30-Jun-20,9297.45,9316,9242.15,9253.45,149063049
NIFTY200 QUALITY 30,01-Jul-20,9280.65,9283.1,9229.75,9252.55,171691530
NIFTY200 QUALITY 30,02-Jul-20,9287.55,9383.95,9281.4,9372.3,164692447
NIFTY200 QUALITY 30,03-Jul-20,9411.4,9475.7,9396.95,9463.65,165209002
NIFTY200 QUALITY 30,06-Jul-20,9520.55,9549.1,9479.7,9522.8,145328031
NIFTY200 QUALITY 30,07-Jul-20,9556.95,9597.3,9483.65,9585.95,156614328
NIFTY200 QUALITY 30,08-Jul-20,9604.55,9620.5,9455.5,9475.3,108189253
NIFTY200 QUALITY 30,09-Jul-20,9501.25,9524.55,9437.55,9473.15,99610570
NIFTY200 QUALITY 30,10-Jul-20,9452.7,9494.45,9427.15,9471.95,105155112
NIFTY200 QUALITY 30,13-Jul-20,9525.85,9598.65,9519.55,9587.1,145160604
NIFTY200 QUALITY 30,14-Jul-20,9571.65,9585.05,9444.5,9455.05,113017458
NIFTY200 QUALITY 30,15-Jul-20,9506.65,9602.2,9498.75,9519.4,146632539
NIFTY200 QUALITY 30,16-Jul-20,9613.9,9625.25,9514.6,9610.45,219617971
NIFTY200 QUALITY 30,17-Jul-20,9638.6,9730.9,9628.25,9694.8,157165822
NIFTY200 QUALITY 30,20-Jul-20,9758.2,9844.15,9726.25,9825.8,125512427
NIFTY200 QUALITY 30,21-Jul-20,9875.45,9906.35,9799.8,9807.3,135457790
NIFTY200 QUALITY 30,22-Jul-20,9839.7,9841.6,9682.3,9731.65,134508637
NIFTY200 QUALITY 30,23-Jul-20,9747,9813.1,9726.45,9800.25,112817287
NIFTY200 QUALITY 30,24-Jul-20,9750.25,9801.2,9686.5,9789.65,177720318
NIFTY200 QUALITY 30,27-Jul-20,9815.7,9854.55,9729.6,9815.4,120695046
NIFTY200 QUALITY 30,28-Jul-20,9841.3,9938.9,9837.1,9928.45,135332088
NIFTY200 QUALITY 30,29-Jul-20,9920.05,9974.2,9871.1,9899.9,99529982
NIFTY200 QUALITY 30,30-Jul-20,9944.6,9996.3,9862.1,9882.3,122756007
NIFTY200 QUALITY 30,31-Jul-20,9922.15,9980.95,9872.7,9905.2,128777940
NIFTY200 QUALITY 30,03-Aug-20,9932,9967.05,9835.6,9849,95816349
NIFTY200 QUALITY 30,04-Aug-20,9911.55,9933.75,9852.05,9877.1,121847701
NIFTY200 QUALITY 30,05-Aug-20,9916.05,9954.25,9865.25,9904.25,137709937
NIFTY200 QUALITY 30,06-Aug-20,9958.55,10011.55,9933.4,9998.85,105953842
NIFTY200 QUALITY 30,07-Aug-20,9994.2,10081.2,9976.4,10053.25,119026648
NIFTY200 QUALITY 30,10-Aug-20,10120.6,10143.05,10076.3,10091.55,114893503
NIFTY200 QUALITY 30,11-Aug-20,10130.55,10196.9,10072.15,10080.85,162319866
NIFTY200 QUALITY 30,12-Aug-20,10074.35,10148,10052.25,10138.95,114819275
NIFTY200 QUALITY 30,13-Aug-20,10171.5,10212.05,10136.95,10156.35,113674765
NIFTY200 QUALITY 30,14-Aug-20,10189.3,10190.25,10022.7,10049.05,117202771
NIFTY200 QUALITY 30,17-Aug-20,10123.15,10229.85,10056.85,10212.95,120885824
NIFTY200 QUALITY 30,18-Aug-20,10233.9,10315.45,10231.2,10290.9,109679734
NIFTY200 QUALITY 30,19-Aug-20,10331.2,10342.3,10256.45,10265.85,89586237
NIFTY200 QUALITY 30,20-Aug-20,10218.65,10306.75,10185.9,10281.1,103629395
NIFTY200 QUALITY 30,21-Aug-20,10366.75,10402,10331.65,10373.4,102166511
NIFTY200 QUALITY 30,24-Aug-20,10410.2,10451.1,10366.35,10380.5,100805879
NIFTY200 QUALITY 30,25-Aug-20,10419.75,10431.35,10337.45,10376.45,99937953
NIFTY200 QUALITY 30,26-Aug-20,10428.7,10433.6,10374.95,10411.65,149881939
NIFTY200 QUALITY 30,27-Aug-20,10461.35,10464.1,10375.95,10400.3,131544521
NIFTY200 QUALITY 30,28-Aug-20,10443.6,10451.35,10338.75,10349.25,126638962
NIFTY200 QUALITY 30,31-Aug-20,10397.75,10410.35,10031,10072.65,232046196
NIFTY200 QUALITY 30,01-Sep-20,10122.35,10177.6,10050.65,10142.5,133529106
NIFTY200 QUALITY 30,02-Sep-20,10175.95,10240.95,10140.25,10204.4,97816277
NIFTY200 QUALITY 30,03-Sep-20,10243.35,10316.8,10224.2,10296.9,103790324
NIFTY200 QUALITY 30,04-Sep-20,10171.05,10260.6,10137.5,10158.4,114512231
NIFTY200 QUALITY 30,07-Sep-20,10187.9,10223.25,10069.45,10207.6,107970450
NIFTY200 QUALITY 30,08-Sep-20,10220.65,10285.65,10163.35,10184.7,125837952
NIFTY200 QUALITY 30,09-Sep-20,10109.25,10196.9,10095.65,10180.35,109490730
NIFTY200 QUALITY 30,10-Sep-20,10234.65,10249.4,10154.7,10237.05,96423121
NIFTY200 QUALITY 30,11-Sep-20,10226.25,10304.7,10225.75,10294.2,109365364
NIFTY200 QUALITY 30,14-Sep-20,10367,10476.55,10346.25,10428.5,171254975
NIFTY200 QUALITY 30,15-Sep-20,10450.85,10475.65,10398.55,10423.15,130244598
NIFTY200 QUALITY 30,16-Sep-20,10442.8,10493.8,10425.75,10480.8,134684955
NIFTY200 QUALITY 30,17-Sep-20,10454.45,10517.7,10435.2,10453.55,137790081
NIFTY200 QUALITY 30,18-Sep-20,10500.95,10506,10430.3,10458.3,145074590
NIFTY200 QUALITY 30,21-Sep-20,10479,10507.2,10181.05,10213.85,187309676
NIFTY200 QUALITY 30,22-Sep-20,10242,10258.85,10010.35,10167,168528711
NIFTY200 QUALITY 30,23-Sep-20,10221.1,10271.85,10092.55,10172.95,168106422
NIFTY200 QUALITY 30,24-Sep-20,10096.5,10096.5,9922,9941.55,156226465
NIFTY200 QUALITY 30,25-Sep-20,10026.3,10212.4,10010.4,10189.95,193819698
NIFTY200 QUALITY 30,28-Sep-20,10268.7,10361,10211.1,10346.95,118190379
NIFTY200 QUALITY 30,29-Sep-20,10402.25,10450.8,10300.85,10312.2,131303723
NIFTY200 QUALITY 30,30-Sep-20,10337,10425.75,10308.5,10392.6,127476993
NIFTY200 QUALITY 30,01-Oct-20,10483.35,10498.75,10454.6,10479.05,107559243
NIFTY200 QUALITY 30,05-Oct-20,10554.35,10588.8,10506.55,10569.15,129504425
NIFTY200 QUALITY 30,06-Oct-20,10641.05,10644.45,10569,10604.1,124176017
NIFTY200 QUALITY 30,07-Oct-20,10622.4,10702.15,10598.55,10687.45,120606109
NIFTY200 QUALITY 30,08-Oct-20,10778.75,10823.75,10719.7,10763.8,169462155
NIFTY200 QUALITY 30,09-Oct-20,10774.9,10803.4,10718.5,10749.75,130280937
NIFTY200 QUALITY 30,12-Oct-20,10809.65,10818.45,10709.6,10756,157203321
NIFTY200 QUALITY 30,13-Oct-20,10766.55,10843.6,10729,10767.75,145619738
NIFTY200 QUALITY 30,14-Oct-20,10776.35,10776.95,10684.75,10723.75,163506277
NIFTY200 QUALITY 30,15-Oct-20,10773.65,10780.75,10545.75,10564.95,171450879
NIFTY200 QUALITY 30,16-Oct-20,10592.95,10659.2,10494.3,10588.15,136901845
NIFTY200 QUALITY 30,19-Oct-20,10653.25,10654.25,10594.4,10626.25,112506685
NIFTY200 QUALITY 30,20-Oct-20,10614.95,10704.15,10596.65,10681.2,120779190
NIFTY200 QUALITY 30,21-Oct-20,10724.25,10750.7,10508,10591.65,128063652
NIFTY200 QUALITY 30,22-Oct-20,10570.55,10590.4,10504.55,10557.75,116378260
NIFTY200 QUALITY 30,23-Oct-20,10604.55,10650.8,10589.65,10632.4,108792617
NIFTY200 QUALITY 30,26-Oct-20,10651.4,10658.05,10442.1,10480.25,101671416
NIFTY200 QUALITY 30,27-Oct-20,10501.05,10644.1,10480,10624.95,139376476
NIFTY200 QUALITY 30,28-Oct-20,10656.8,10672.15,10507.85,10539.35,112101481
NIFTY200 QUALITY 30,29-Oct-20,10470.8,10540.6,10435.9,10520.95,116304040
NIFTY200 QUALITY 30,30-Oct-20,10530.7,10593.9,10407.6,10467.3,116478466
NIFTY200 QUALITY 30,02-Nov-20,10507.35,10526,10388.4,10424.45,95366110
NIFTY200 QUALITY 30,03-Nov-20,10479.35,10565.1,10461.75,10475.55,122120277
NIFTY200 QUALITY 30,04-Nov-20,10493.55,10631.35,10486.75,10571,109236778
NIFTY200 QUALITY 30,05-Nov-20,10681.8,10762.45,10667.85,10746.65,118047449
NIFTY200 QUALITY 30,06-Nov-20,10773.05,10821.95,10729.05,10788.8,148534734
NIFTY200 QUALITY 30,09-Nov-20,10914.85,10932.8,10834.75,10907.7,129431274
NIFTY200 QUALITY 30,10-Nov-20,10923.7,10923.7,10700.3,10742.9,171552471
NIFTY200 QUALITY 30,11-Nov-20,10789,10878.85,10723.7,10865.65,181231507
NIFTY200 QUALITY 30,12-Nov-20,10871.95,10924.8,10839.4,10899,211487664
NIFTY200 QUALITY 30,13-Nov-20,10900.4,10964.55,10886.3,10944.3,144210548
NIFTY200 QUALITY 30,14-Nov-20,11021.7,11021.75,10956.55,10982.85,24642895
NIFTY200 QUALITY 30,17-Nov-20,11056.55,11056.55,10931.05,10981.25,117547040
NIFTY200 QUALITY 30,18-Nov-20,10974.2,10979.85,10864.15,10934.7,120882396
NIFTY200 QUALITY 30,19-Nov-20,10904.35,11033.8,10858.55,10880.7,168446879
NIFTY200 QUALITY 30,20-Nov-20,10933.75,11010.5,10917,10999.45,142438751
NIFTY200 QUALITY 30,23-Nov-20,11048.95,11140.45,11018,11131.4,117253228
NIFTY200 QUALITY 30,24-Nov-20,11174.2,11240.1,11165.2,11211.15,140677039
NIFTY200 QUALITY 30,25-Nov-20,11245.95,11253.75,11010.9,11037.95,173192474
NIFTY200 QUALITY 30,26-Nov-20,11062,11126.1,10963.95,11098.75,113369740
NIFTY200 QUALITY 30,27-Nov-20,11151,11216.1,11083.5,11172.2,275112954
NIFTY200 QUALITY 30,01-Dec-20,11296.1,11297.8,11192.4,11259,107808220
NIFTY200 QUALITY 30,02-Dec-20,11276.35,11376.45,11237.9,11367.75,129144350
NIFTY200 QUALITY 30,03-Dec-20,11447.3,11502.65,11397.8,11491.1,163118641
NIFTY200 QUALITY 30,04-Dec-20,11520.15,11583.65,11506,11573.75,131132763
NIFTY200 QUALITY 30,07-Dec-20,11570.35,11662.15,11569.65,11652,135747148
NIFTY200 QUALITY 30,08-Dec-20,11674.55,11724,11567.65,11646.55,141633092
NIFTY200 QUALITY 30,09-Dec-20,11707.25,11735.7,11689.7,11723.2,126810874
NIFTY200 QUALITY 30,10-Dec-20,11714.8,11810.2,11668.65,11791.6,151162943
NIFTY200 QUALITY 30,11-Dec-20,11811.3,11852.05,11711.5,11788.05,160474931
NIFTY200 QUALITY 30,14-Dec-20,11848,11856.7,11771.7,11833.4,124644773
NIFTY200 QUALITY 30,15-Dec-20,11812.45,11844.1,11769.05,11834.2,116182758
NIFTY200 QUALITY 30,16-Dec-20,11892.1,11972.5,11875.85,11959.4,157268889
NIFTY200 QUALITY 30,17-Dec-20,11960.85,12014.4,11934.95,11958.95,108367580
NIFTY200 QUALITY 30,18-Dec-20,12007.7,12063.35,11968.05,12038.35,146683655
NIFTY200 QUALITY 30,21-Dec-20,12018.3,12046.45,11486.55,11680.05,153452688
NIFTY200 QUALITY 30,22-Dec-20,11698.8,11952.3,11535.35,11908.5,155955928
NIFTY200 QUALITY 30,23-Dec-20,11941.3,12046.65,11918.55,12031.3,145709476
NIFTY200 QUALITY 30,24-Dec-20,12094.35,12111.5,11967.4,12046.2,107963347
NIFTY200 QUALITY 30,28-Dec-20,12104.1,12152.45,12081.7,12141.75,100743091
NIFTY200 QUALITY 30,29-Dec-20,12176.25,12209.65,12126.95,12180.1,140710967
NIFTY200 QUALITY 30,30-Dec-20,12222.35,12256.75,12150.85,12238.1,107885328
NIFTY200 QUALITY 30,31-Dec-20,12224.5,12265.3,12190.65,12253.6,107488638
NIFTY200 QUALITY 30,01-Jan-21,12264.3,12335,12259.1,12317.7,57250989
NIFTY200 QUALITY 30,04-Jan-21,12378.15,12479.4,12321,12466.2,96937932
NIFTY200 QUALITY 30,05-Jan-21,12430.3,12561.9,12386,12539,98512348
NIFTY200 QUALITY 30,06-Jan-21,12569.05,12588,12364.1,12477.4,130735719
NIFTY200 QUALITY 30,07-Jan-21,12551.9,12554.15,12395.25,12412.95,114737942
NIFTY200 QUALITY 30,08-Jan-21,12508.3,12722.55,12496.6,12700.95,172501619
NIFTY200 QUALITY 30,11-Jan-21,12807.9,12902.25,12759.3,12888.6,159774750
NIFTY200 QUALITY 30,12-Jan-21,12892.7,12909.35,12835.8,12862,139222287
NIFTY200 QUALITY 30,13-Jan-21,12911.75,12918.75,12707.75,12815.95,160382316
NIFTY200 QUALITY 30,14-Jan-21,12822.45,12847.35,12716,12829.45,159503836
NIFTY200 QUALITY 30,15-Jan-21,12835.55,12859.3,12561.35,12605.25,157505812
NIFTY200 QUALITY 30,18-Jan-21,12606.15,12614.3,12413.6,12484.05,154139768
NIFTY200 QUALITY 30,19-Jan-21,12557.7,12644.85,12544.35,12629.9,94962182
NIFTY200 QUALITY 30,20-Jan-21,12661.55,12778.15,12650.5,12739.85,114776019
NIFTY200 QUALITY 30,21-Jan-21,12822.9,12875.15,12676.05,12722.1,127863523
NIFTY200 QUALITY 30,22-Jan-21,12740.5,12876.55,12686.75,12701.25,120128626
NIFTY200 QUALITY 30,25-Jan-21,12800.95,12815.75,12529.8,12614.25,98283789
NIFTY200 QUALITY 30,27-Jan-21,12640.4,12640.4,12452.1,12487.75,125764267
NIFTY200 QUALITY 30,28-Jan-21,12390.2,12506.15,12367.55,12408.5,104546025
NIFTY200 QUALITY 30,29-Jan-21,12492.4,12495.75,12048.95,12084.9,139696874
NIFTY200 QUALITY 30,01-Feb-21,12168.6,12382.45,12029.95,12330.4,141313309
NIFTY200 QUALITY 30,02-Feb-21,12484.7,12571.25,12422.7,12516.95,135897437
NIFTY200 QUALITY 30,03-Feb-21,12582.6,12629.35,12467.4,12569.8,141021595
NIFTY200 QUALITY 30,04-Feb-21,12594.7,12683.45,12573.15,12667.2,198660218
NIFTY200 QUALITY 30,05-Feb-21,12734.95,12754.55,12528,12588.55,202435329
NIFTY200 QUALITY 30,08-Feb-21,12673.85,12713.5,12622.85,12690.5,133656776
NIFTY200 QUALITY 30,09-Feb-21,12721.7,12819.85,12657.55,12689.85,166125205
NIFTY200 QUALITY 30,10-Feb-21,12721,12770.2,12609.75,12727.6,125865173
NIFTY200 QUALITY 30,11-Feb-21,12696.4,12772.85,12671.8,12760.7,115036568
NIFTY200 QUALITY 30,12-Feb-21,12783.7,12802.5,12590.75,12639.85,185141585
NIFTY200 QUALITY 30,15-Feb-21,12698.65,12707.45,12564.9,12586.35,88240963
NIFTY200 QUALITY 30,16-Feb-21,12626.8,12652.7,12479.95,12540.25,95202061
NIFTY200 QUALITY 30,17-Feb-21,12515.2,12522.15,12423.45,12458.25,81142648
NIFTY200 QUALITY 30,18-Feb-21,12487.8,12563.85,12446.1,12473.55,122912286
NIFTY200 QUALITY 30,19-Feb-21,12473,12476.65,12254.3,12330.85,123121116
NIFTY200 QUALITY 30,22-Feb-21,12349.85,12358.95,12040.8,12081.25,135979756
NIFTY200 QUALITY 30,23-Feb-21,12110.15,12150.8,11990.3,12066.25,105967699
NIFTY200 QUALITY 30,24-Feb-21,12120,12168.85,12062.5,12158.05,87892329
NIFTY200 QUALITY 30,25-Feb-21,12222.4,12251.8,12180.4,12225.25,184697863
NIFTY200 QUALITY 30,26-Feb-21,12128.85,12202.55,11870.55,11919.6,230168971
NIFTY200 QUALITY 30,01-Mar-21,12021.1,12134.4,11994.45,12109.3,87227802
NIFTY200 QUALITY 30,02-Mar-21,12173.2,12376.95,12160.15,12353.8,106206927
NIFTY200 QUALITY 30,03-Mar-21,12442.05,12442.25,12354.65,12428.95,93492399
NIFTY200 QUALITY 30,04-Mar-21,12345.35,12497.55,12318.5,12410.45,104372682
NIFTY200 QUALITY 30,05-Mar-21,12352.65,12436.1,12299.9,12322.95,96974472
NIFTY200 QUALITY 30,08-Mar-21,12359.05,12400.55,12303.25,12316.6,84670906
NIFTY200 QUALITY 30,09-Mar-21,12366.55,12398.15,12212.3,12346.3,78812678
NIFTY200 QUALITY 30,10-Mar-21,12424.1,12472.45,12401.4,12457.2,84446991
NIFTY200 QUALITY 30,12-Mar-21,12491.8,12511.65,12308.25,12328.85,97646857
NIFTY200 QUALITY 30,15-Mar-21,12344.05,12350,12185.75,12290.9,102520072
NIFTY200 QUALITY 30,16-Mar-21,12333,12397.25,12329.85,12378.85,121239260
NIFTY200 QUALITY 30,17-Mar-21,12397.4,12404,12224.4,12242.6,144537788
NIFTY200 QUALITY 30,18-Mar-21,12331.25,12333.85,12007,12083.8,166313074
NIFTY200 QUALITY 30,19-Mar-21,12028.9,12242.15,11884.25,12215.1,248915112
NIFTY200 QUALITY 30,22-Mar-21,12227.25,12375.8,12190.8,12352.95,101857372
NIFTY200 QUALITY 30,23-Mar-21,12375.85,12440.55,12349.3,12389.05,98481958
NIFTY200 QUALITY 30,24-Mar-21,12326.6,12397.35,12224.1,12243,84333971
NIFTY200 QUALITY 30,25-Mar-21,12228.65,12242.2,11954.15,11986.8,113372046
NIFTY200 QUALITY 30,26-Mar-21,12081.35,12221.9,12052.35,12171.4,79279144
NIFTY200 QUALITY 30,30-Mar-21,12251.65,12488.25,12242.45,12463.95,109511900
NIFTY200 QUALITY 30,31-Mar-21,12470.1,12478.65,12401.3,12425.85,98627845
NIFTY200 QUALITY 30,01-Apr-21,12494.25,12551.85,12443.3,12484.2,74497527
NIFTY200 QUALITY 30,05-Apr-21,12481.4,12500.85,12249.15,12368.45,96083795
NIFTY200 QUALITY 30,06-Apr-21,12428.8,12495.45,12342.55,12458.4,75484668
NIFTY200 QUALITY 30,07-Apr-21,12465.65,12598.7,12450.4,12574.7,62391431
NIFTY200 QUALITY 30,08-Apr-21,12611.65,12740.2,12604.85,12685.65,72955493
NIFTY200 QUALITY 30,09-Apr-21,12711.55,12756.4,12671.95,12721.25,77590882
NIFTY200 QUALITY 30,12-Apr-21,12609.25,12617.35,12312.45,12360.45,117506103
NIFTY200 QUALITY 30,13-Apr-21,12397.15,12436.1,12262.55,12353.7,94078994
NIFTY200 QUALITY 30,15-Apr-21,12357.1,12376.15,12207.8,12352.65,100061066
NIFTY200 QUALITY 30,16-Apr-21,12389.85,12485.55,12375.85,12435.55,72675728
NIFTY200 QUALITY 30,19-Apr-21,12256.1,12286.05,12135.45,12239.65,73615038
NIFTY200 QUALITY 30,20-Apr-21,12348.2,12356.45,12105.75,12189.65,79291051
NIFTY200 QUALITY 30,22-Apr-21,12171.25,12172.1,12099.2,12147.7,78491263
NIFTY200 QUALITY 30,23-Apr-21,12117.2,12171.95,12039,12087.75,71388655
NIFTY200 QUALITY 30,26-Apr-21,12121.4,12150.15,12093.25,12124.45,82149937
NIFTY200 QUALITY 30,27-Apr-21,12151.05,12195.6,12135.15,12184.9,62422465
NIFTY200 QUALITY 30,28-Apr-21,12239.05,12313.6,12226.35,12264.1,67262244
NIFTY200 QUALITY 30,29-Apr-21,12351.8,12358.4,12172.9,12194,72038393
NIFTY200 QUALITY 30,30-Apr-21,12142.6,12224.85,12076.3,12108.8,125514412
NIFTY200 QUALITY 30,03-May-21,12063.9,12185.45,12026.2,12161.05,107904907
NIFTY200 QUALITY 30,04-May-21,12215.95,12223,12068.9,12101.4,76498382
NIFTY200 QUALITY 30,05-May-21,12175.35,12183.8,12098.45,12171.7,52640760
NIFTY200 QUALITY 30,06-May-21,12212.45,12321.8,12207.75,12305,70215386
NIFTY200 QUALITY 30,07-May-21,12361.3,12376,12294.75,12307.9,75876530
NIFTY200 QUALITY 30,10-May-21,12351.95,12385.4,12334.95,12376.05,103285749
NIFTY200 QUALITY 30,11-May-21,12314.45,12413.9,12289.8,12406.5,126922627
NIFTY200 QUALITY 30,12-May-21,12427.15,12443.1,12355.15,12388.35,132472368
NIFTY200 QUALITY 30,14-May-21,12443.1,12459.4,12365.1,12431,145880693
NIFTY200 QUALITY 30,17-May-21,12481.35,12532,12432,12516.95,102887840
NIFTY200 QUALITY 30,18-May-21,12613.3,12651.35,12574.25,12641.2,89310704
NIFTY200 QUALITY 30,19-May-21,12626.35,12719.75,12611.1,12704.55,92582337
NIFTY200 QUALITY 30,20-May-21,12710.95,12737.15,12617.35,12631.8,87570628
NIFTY200 QUALITY 30,21-May-21,12680.35,12709.2,12648.4,12683.35,79766107
NIFTY200 QUALITY 30,24-May-21,12714.25,12748.2,12685.95,12721.25,89164136
NIFTY200 QUALITY 30,25-May-21,12800.35,12869.7,12788.85,12832.4,89800506
NIFTY200 QUALITY 30,26-May-21,12880.75,12927.9,12846.45,12913.25,76307608
NIFTY200 QUALITY 30,27-May-21,12938.7,12992.95,12881.2,12946.55,175595157
NIFTY200 QUALITY 30,28-May-21,12990.1,13026.15,12949.35,12958.6,84478663
NIFTY200 QUALITY 30,31-May-21,12976.75,13083.35,12947.1,13063.1,130887432
NIFTY200 QUALITY 30,01-Jun-21,13091.1,13112.55,13029.95,13046.85,80930284
NIFTY200 QUALITY 30,02-Jun-21,12994.4,13070.2,12968.9,13057.45,164853932
NIFTY200 QUALITY 30,03-Jun-21,13106.9,13183,13093.2,13170.65,112759225
NIFTY200 QUALITY 30,04-Jun-21,13178.1,13202.85,13113.3,13145.85,101665480
NIFTY200 QUALITY 30,07-Jun-21,13199.9,13238.05,13165.9,13227.35,99977587
NIFTY200 QUALITY 30,08-Jun-21,13259.95,13315.75,13246.15,13299.35,79718492
NIFTY200 QUALITY 30,09-Jun-21,13317.4,13363.85,13203.3,13259.95,96901688
NIFTY200 QUALITY 30,10-Jun-21,13295.25,13351.55,13259,13313.95,86481543
NIFTY200 QUALITY 30,11-Jun-21,13359.45,13388.25,13335.15,13360.3,124290771
NIFTY200 QUALITY 30,14-Jun-21,13377.75,13378.1,13222.95,13365.9,87675978
NIFTY200 QUALITY 30,15-Jun-21,13409.3,13453.8,13400.15,13432.6,85542863
NIFTY200 QUALITY 30,16-Jun-21,13433.8,13453.6,13361.15,13409.1,71179620
NIFTY200 QUALITY 30,17-Jun-21,13362.55,13443.7,13339.55,13382.65,84001767
NIFTY200 QUALITY 30,18-Jun-21,13416.55,13447.4,13197.7,13332.35,117971096
NIFTY200 QUALITY 30,21-Jun-21,13234,13357.95,13214.7,13347.45,70974136
NIFTY200 QUALITY 30,22-Jun-21,13407.95,13451.25,13359.5,13372.9,69980741
NIFTY200 QUALITY 30,23-Jun-21,13432.8,13433.5,13321.9,13334.8,55139205
NIFTY200 QUALITY 30,24-Jun-21,13360.55,13451.55,13338.05,13436.85,78595052
NIFTY200 QUALITY 30,25-Jun-21,13466.65,13484.35,13403.2,13433.1,63805243
NIFTY200 QUALITY 30,28-Jun-21,13471.7,13477.3,13411.35,13423.2,59199622
NIFTY200 QUALITY 30,29-Jun-21,13433.6,13496.9,13408,13427.15,85226750
NIFTY200 QUALITY 30,30-Jun-21,13459.25,13493,13421.05,13433.05,65546292
NIFTY200 QUALITY 30,01-Jul-21,13466.2,13500.05,13439.2,13469.85,50562853
NIFTY200 QUALITY 30,02-Jul-21,13506.6,13508.8,13411,13457.65,65120915
NIFTY200 QUALITY 30,05-Jul-21,13514.1,13577.2,13488.1,13562.1,54407657
NIFTY200 QUALITY 30,06-Jul-21,13562.35,13586.55,13446.2,13458.85,51778580
NIFTY200 QUALITY 30,07-Jul-21,13474.8,13570.65,13428.8,13552.6,56735312
NIFTY200 QUALITY 30,08-Jul-21,13537.85,13594.6,13468.45,13505.7,72983536
NIFTY200 QUALITY 30,09-Jul-21,13493.75,13531.3,13465.4,13490.6,50227361
NIFTY200 QUALITY 30,12-Jul-21,13547.6,13570.7,13473.8,13498.1,42664972
NIFTY200 QUALITY 30,13-Jul-21,13562.4,13562.4,13457.2,13471.55,42443435
NIFTY200 QUALITY 30,14-Jul-21,13500.3,13557.45,13477.45,13549.5,68305205
NIFTY200 QUALITY 30,15-Jul-21,13596.9,13695.45,13592,13668.95,94630078
NIFTY200 QUALITY 30,16-Jul-21,13697.8,13700.45,13607.75,13623.65,80131620
NIFTY200 QUALITY 30,19-Jul-21,13570.45,13646.65,13549.65,13603.25,54211325
NIFTY200 QUALITY 30,20-Jul-21,13622.9,13650.2,13518,13626.7,79037945
NIFTY200 QUALITY 30,22-Jul-21,13670.95,13744.75,13662.5,13731.2,86040334
NIFTY200 QUALITY 30,23-Jul-21,13743.7,13775.9,13694.25,13723.5,80468051
NIFTY200 QUALITY 30,26-Jul-21,13723.3,13793.5,13708.1,13737.95,85571695
NIFTY200 QUALITY 30,27-Jul-21,13764.65,13785.8,13631.25,13665.5,66979001
NIFTY200 QUALITY 30,28-Jul-21,13697.55,13703,13546.4,13643.75,54422419
NIFTY200 QUALITY 30,29-Jul-21,13678.95,13714.9,13620.65,13633.6,62967608
NIFTY200 QUALITY 30,30-Jul-21,13697.85,13821.3,13663.85,13745.75,108923221
NIFTY200 QUALITY 30,02-Aug-21,13832.3,13841.55,13783.6,13818.7,57036189
NIFTY200 QUALITY 30,03-Aug-21,13859.3,13989.65,13835.15,13976.95,79643320
NIFTY200 QUALITY 30,04-Aug-21,14023.45,14042.05,13881.8,13898.15,61250094
NIFTY200 QUALITY 30,05-Aug-21,13936.35,13963.75,13866.7,13931.7,96975568
NIFTY200 QUALITY 30,06-Aug-21,13950.6,13963.5,13893.3,13908.2,80181481
NIFTY200 QUALITY 30,09-Aug-21,14003.4,14015.9,13854.75,13898.25,74287231
NIFTY200 QUALITY 30,10-Aug-21,13936.9,13949.65,13803.85,13871.95,74858202
NIFTY200 QUALITY 30,11-Aug-21,13904.85,13917.4,13729.85,13864.4,62592843
NIFTY200 QUALITY 30,12-Aug-21,13901.25,13949.95,13868.9,13925.45,82597785
NIFTY200 QUALITY 30,13-Aug-21,13948.65,14008.4,13919.1,13975.9,81207339
NIFTY200 QUALITY 30,16-Aug-21,13973.5,13995.1,13912.7,13924.45,47919083
NIFTY200 QUALITY 30,17-Aug-21,13940.85,14103,13935.8,14093.35,76737093
NIFTY200 QUALITY 30,18-Aug-21,14142.6,14179.9,14095.65,14120.05,59517687
NIFTY200 QUALITY 30,20-Aug-21,13953.85,14247.1,13946.9,14198.9,88535918
NIFTY200 QUALITY 30,23-Aug-21,14290.85,14321.25,14193.6,14231.85,72926001
NIFTY200 QUALITY 30,24-Aug-21,14285.6,14308.55,14163.5,14216.95,64487536
NIFTY200 QUALITY 30,25-Aug-21,14238.75,14316.5,14208.15,14236.05,56559204
NIFTY200 QUALITY 30,26-Aug-21,14243.25,14316.3,14206.65,14249.1,60810388
NIFTY200 QUALITY 30,27-Aug-21,14265.95,14333.4,14203.6,14322.9,52847424
NIFTY200 QUALITY 30,30-Aug-21,14368.75,14451.4,14365.5,14440.9,58811958
NIFTY200 QUALITY 30,31-Aug-21,14474.1,14622.65,14448.6,14606.2,109174436
NIFTY200 QUALITY 30,01-Sep-21,14669.6,14706.75,14624.9,14667.35,82417822
NIFTY200 QUALITY 30,02-Sep-21,14703.45,14856.85,14665.8,14842.6,88316463
NIFTY200 QUALITY 30,03-Sep-21,14895,14977.6,14868.9,14966.25,130973865
NIFTY200 QUALITY 30,06-Sep-21,15018.2,15022.75,14958.15,15003.3,65527681
NIFTY200 QUALITY 30,07-Sep-21,15055.75,15093,14965.65,14978.55,83388944
NIFTY200 QUALITY 30,08-Sep-21,14992.7,14995.65,14812.55,14908.9,60532606
NIFTY200 QUALITY 30,09-Sep-21,14887.5,14999.8,14868,14990.3,61059748
NIFTY200 QUALITY 30,13-Sep-21,14980.6,15107.2,14958.4,15094.4,96105507
NIFTY200 QUALITY 30,14-Sep-21,15149.1,15201.1,15120.5,15168.45,73943693
NIFTY200 QUALITY 30,15-Sep-21,15201.6,15299.3,15186.1,15279.75,80119330
NIFTY200 QUALITY 30,16-Sep-21,15320.8,15373.6,15281.65,15323.65,199626652
NIFTY200 QUALITY 30,17-Sep-21,15363.5,15411,15224.7,15254.25,150271493
NIFTY200 QUALITY 30,20-Sep-21,15196.8,15343.7,15120.9,15155.55,124853208
NIFTY200 QUALITY 30,21-Sep-21,15193.4,15322.45,15122.75,15311.9,108572387
NIFTY200 QUALITY 30,22-Sep-21,15355.85,15447.9,15339.8,15416.9,116520467
NIFTY200 QUALITY 30,23-Sep-21,15507.75,15526.65,15455.65,15505.25,87042376
NIFTY200 QUALITY 30,24-Sep-21,15573.65,15703.65,15525,15540.7,94533016
NIFTY200 QUALITY 30,27-Sep-21,15621.4,15622.2,15289.8,15311.7,75217339
NIFTY200 QUALITY 30,28-Sep-21,15355.55,15357.9,15086.95,15165.15,104882366
NIFTY200 QUALITY 30,29-Sep-21,15104.85,15263.4,15065.9,15181,164534311
NIFTY200 QUALITY 30,30-Sep-21,15204.6,15220.65,15051.4,15076.2,108181104
NIFTY200 QUALITY 30,01-Oct-21,15062.15,15111.9,14976.8,15093.95,82210878
NIFTY200 QUALITY 30,04-Oct-21,15162.05,15250.3,15137.45,15204,66532313
NIFTY200 QUALITY 30,05-Oct-21,15201.4,15329.1,15180.9,15310.35,85526413
NIFTY200 QUALITY 30,06-Oct-21,15360,15404.9,15137.8,15167.5,100467991
NIFTY200 QUALITY 30,07-Oct-21,15266.8,15421.15,15239,15362.9,62931438
NIFTY200 QUALITY 30,08-Oct-21,15423.7,15465,15379.95,15397.8,78128323
NIFTY200 QUALITY 30,11-Oct-21,15363.35,15465.4,15278.6,15367.1,108428391
NIFTY200 QUALITY 30,12-Oct-21,15385.45,15433.65,15283.4,15405.3,109219909
NIFTY200 QUALITY 30,13-Oct-21,15501,15506.75,15427.95,15488.4,110147123
NIFTY200 QUALITY 30,14-Oct-21,15624.6,15680.95,15519.2,15550.05,185148231
NIFTY200 QUALITY 30,18-Oct-21,15654.75,15663.2,15532.15,15565.4,145808445
NIFTY200 QUALITY 30,19-Oct-21,15704.55,15774.75,15493.2,15531.45,142049280
NIFTY200 QUALITY 30,20-Oct-21,15548.15,15548.5,15280.7,15343.9,115765396
NIFTY200 QUALITY 30,21-Oct-21,15419.95,15420.1,14939.75,15058,104537086
NIFTY200 QUALITY 30,22-Oct-21,15104.8,15171.8,14820.6,14908.2,97092069
NIFTY200 QUALITY 30,25-Oct-21,14922.9,14926.25,14553,14698.05,79497404
NIFTY200 QUALITY 30,26-Oct-21,14745.85,14898.2,14713,14847.45,84100327
NIFTY200 QUALITY 30,27-Oct-21,14911.6,15014.35,14892.45,14934.25,79668104
NIFTY200 QUALITY 30,28-Oct-21,14972.6,14972.6,14682.85,14720.1,109233827
NIFTY200 QUALITY 30,29-Oct-21,14712.2,14851.55,14595.85,14665.8,85893090
NIFTY200 QUALITY 30,01-Nov-21,14743.7,14967.95,14702.7,14945.5,73204989
NIFTY200 QUALITY 30,02-Nov-21,14970.4,14993.4,14861.35,14884.45,65655137
NIFTY200 QUALITY 30,03-Nov-21,14930.05,14964.9,14780.6,14877.4,62584231
NIFTY200 QUALITY 30,04-Nov-21,14997.65,15022.6,14970.15,15004.95,15579262
NIFTY200 QUALITY 30,08-Nov-21,15086.85,15133.7,14884.8,15113.4,81007052
NIFTY200 QUALITY 30,09-Nov-21,15127.8,15182.85,15081.4,15125.5,50093508
NIFTY200 QUALITY 30,10-Nov-21,15083.3,15142.3,15043.6,15108.45,57699776
NIFTY200 QUALITY 30,11-Nov-21,15098.6,15098.6,14951.1,15057.55,49550898
NIFTY200 QUALITY 30,12-Nov-21,15163.35,15222.15,15067.25,15205.25,51438958
NIFTY200 QUALITY 30,15-Nov-21,15233.55,15290.65,15211.85,15257.9,89852657
NIFTY200 QUALITY 30,16-Nov-21,15285.8,15316.95,15231.3,15255.7,56184822
NIFTY200 QUALITY 30,17-Nov-21,15246.5,15300.45,15216.1,15237.95,82721216
NIFTY200 QUALITY 30,18-Nov-21,15243,15258.25,14971.85,15036.05,67398672
NIFTY200 QUALITY 30,22-Nov-21,15062.65,15064.15,14686.9,14777.55,76645414
NIFTY200 QUALITY 30,23-Nov-21,14718.85,14905.1,14638.7,14877.25,67903185
NIFTY200 QUALITY 30,24-Nov-21,14932.85,14941.7,14648.85,14710.75,63168495
NIFTY200 QUALITY 30,25-Nov-21,14726.75,14775.95,14629.4,14761.2,75671328
NIFTY200 QUALITY 30,26-Nov-21,14674.1,14701.9,14502.85,14533.4,73322863
NIFTY200 QUALITY 30,29-Nov-21,14452.95,14558.45,14218,14477.7,71322348
NIFTY200 QUALITY 30,30-Nov-21,14504.3,14688.9,14440.25,14478.7,164760549
NIFTY200 QUALITY 30,01-Dec-21,14559.9,14647.35,14488.65,14541.75,66318247
NIFTY200 QUALITY 30,02-Dec-21,14587.75,14787.1,14551.8,14773.6,68182782
NIFTY200 QUALITY 30,03-Dec-21,14792.15,14815,14642.7,14657.2,66676278
NIFTY200 QUALITY 30,06-Dec-21,14693.8,14695.9,14356.9,14372.7,64273526
NIFTY200 QUALITY 30,07-Dec-21,14469.55,14562.25,14370.45,14519.15,41904574
NIFTY200 QUALITY 30,08-Dec-21,14591.35,14743.95,14591.2,14733.6,41942063
NIFTY200 QUALITY 30,09-Dec-21,14760.5,14794.95,14628.7,14781.55,70791821
NIFTY200 QUALITY 30,10-Dec-21,14773.7,14825.7,14738.85,14809,66666296
NIFTY200 QUALITY 30,13-Dec-21,14876.45,14928.25,14755.4,14768.7,60988758
NIFTY200 QUALITY 30,14-Dec-21,14750.4,14812.4,14682.7,14797.1,74790177
NIFTY200 QUALITY 30,15-Dec-21,14786,14795.9,14662.35,14696.45,62333376
NIFTY200 QUALITY 30,16-Dec-21,14779.4,14791,14682.65,14740.5,56838327
NIFTY200 QUALITY 30,17-Dec-21,14770.6,14781.5,14569.4,14590.6,93710394
NIFTY200 QUALITY 30,20-Dec-21,14505.1,14507.2,14117.05,14296.35,81978338
NIFTY200 QUALITY 30,21-Dec-21,14380.45,14601.3,14369.1,14506.15,62324924
NIFTY200 QUALITY 30,22-Dec-21,14584.6,14667.55,14553.85,14658,50796235
NIFTY200 QUALITY 30,23-Dec-21,14739.65,14796.35,14702.9,14781.85,54836713
NIFTY200 QUALITY 30,24-Dec-21,14857.8,14871.8,14758.2,14785.6,58495166
NIFTY200 QUALITY 30,27-Dec-21,14775.8,14846.6,14661.3,14832.75,35616386
NIFTY200 QUALITY 30,28-Dec-21,14882,15011.1,14880.95,14991.6,43994345
NIFTY200 QUALITY 30,29-Dec-21,14993.65,15030.4,14957.2,15001.6,38577618
NIFTY200 QUALITY 30,30-Dec-21,14995.35,15059.25,14966.95,15032.15,64252259
NIFTY200 QUALITY 30,31-Dec-21,15067.9,15198.4,15062.6,15166,35448960
NIFTY200 QUALITY 30,03-Jan-22,15189.3,15312.55,15187.7,15294.85,57327178
NIFTY200 QUALITY 30,04-Jan-22,15324.5,15366.5,15215,15348.55,51993705
NIFTY200 QUALITY 30,05-Jan-22,15337.65,15349.85,15269.9,15316.7,50758200
NIFTY200 QUALITY 30,06-Jan-22,15211.85,15229.3,15138.6,15219.5,56756374
NIFTY200 QUALITY 30,07-Jan-22,15259.5,15361.95,15242.3,15335,48273728
NIFTY200 QUALITY 30,10-Jan-22,15421.75,15425.45,15336.5,15356.65,58944173
NIFTY200 QUALITY 30,11-Jan-22,15332.35,15412.3,15318.25,15389.8,46274267
NIFTY200 QUALITY 30,12-Jan-22,15456.95,15460.45,15360.2,15399.75,48975324
NIFTY200 QUALITY 30,13-Jan-22,15441.4,15460.25,15375.55,15435.6,76527035
NIFTY200 QUALITY 30,14-Jan-22,15396,15407.75,15289.5,15358.7,55649326
NIFTY200 QUALITY 30,17-Jan-22,15335.7,15373.3,15250.75,15345.65,61745806
NIFTY200 QUALITY 30,18-Jan-22,15378.7,15401.4,15065.25,15099.25,59326504
NIFTY200 QUALITY 30,19-Jan-22,15084.2,15087,14906.2,14930.4,68962689
NIFTY200 QUALITY 30,20-Jan-22,14943.25,14960,14750.55,14802.45,77869632
NIFTY200 QUALITY 30,21-Jan-22,14744.8,14753.2,14522.55,14615.25,81115301
NIFTY200 QUALITY 30,24-Jan-22,14604.3,14629.25,14073.45,14184.25,74974019
NIFTY200 QUALITY 30,25-Jan-22,14079.9,14293.55,13869.85,14275.2,71675274
NIFTY200 QUALITY 30,27-Jan-22,14168.45,14168.75,13876.35,13966.3,89222495
NIFTY200 QUALITY 30,28-Jan-22,14001.25,14280.75,14001.25,14057.8,74894525
NIFTY200 QUALITY 30,31-Jan-22,14217.35,14340.5,14213.35,14298.85,66079968
NIFTY200 QUALITY 30,01-Feb-22,14440.7,14507.2,14295.3,14487.95,86506461
NIFTY200 QUALITY 30,02-Feb-22,14548.15,14661.9,14513.35,14641,85797706
NIFTY200 QUALITY 30,03-Feb-22,14631.65,14642.1,14506.35,14530.85,63274594
NIFTY200 QUALITY 30,04-Feb-22,14544.9,14556.25,14440.5,14518.25,92234338
NIFTY200 QUALITY 30,07-Feb-22,14511.8,14562.4,14236.6,14310.2,60059430
NIFTY200 QUALITY 30,08-Feb-22,14344.8,14377.75,14202.3,14315.1,58669328
NIFTY200 QUALITY 30,09-Feb-22,14378.45,14526.95,14361.05,14512.95,80824901
NIFTY200 QUALITY 30,10-Feb-22,14544.05,14550.4,14427.8,14529.9,62268829
NIFTY200 QUALITY 30,11-Feb-22,14428.65,14430.05,14250.65,14280.2,70927320
NIFTY200 QUALITY 30,14-Feb-22,14036.45,14114.35,13937.2,13971.3,73523684
NIFTY200 QUALITY 30,15-Feb-22,14046.1,14346.45,13974.55,14334.45,68601657
NIFTY200 QUALITY 30,16-Feb-22,14406.1,14455.55,14292.05,14350.2,51550569
NIFTY200 QUALITY 30,17-Feb-22,14409.4,14436.9,14290.6,14322,47643947
NIFTY200 QUALITY 30,18-Feb-22,14245.05,14348.55,14220.25,14281.15,61957564
NIFTY200 QUALITY 30,21-Feb-22,14201.7,14268.4,14068.45,14176.15,61617784
NIFTY200 QUALITY 30,22-Feb-22,13904.75,14116.95,13884.9,14096.15,78128458
NIFTY200 QUALITY 30,23-Feb-22,14175.85,14207.2,14078.7,14099.9,50515585
NIFTY200 QUALITY 30,24-Feb-22,13721,13849.7,13480.8,13521.05,120606633
NIFTY200 QUALITY 30,25-Feb-22,13698.7,13873.7,13652.15,13842.8,81411414
NIFTY200 QUALITY 30,28-Feb-22,13768.45,14059.3,13580.05,14042.5,104403081
NIFTY200 QUALITY 30,02-Mar-22,13946.95,14003.25,13852.3,13938.85,131914265
NIFTY200 QUALITY 30,03-Mar-22,14048.35,14075.8,13863.5,13895.65,143234751
NIFTY200 QUALITY 30,04-Mar-22,13781.65,13833.45,13564.25,13689.3,155030907
NIFTY200 QUALITY 30,07-Mar-22,13466.15,13529.5,13345.1,13494.95,136067771
NIFTY200 QUALITY 30,08-Mar-22,13466.7,13743.6,13462.55,13729,125507324
NIFTY200 QUALITY 30,09-Mar-22,13818.9,13979.05,13739.25,13923.75,112326562
NIFTY200 QUALITY 30,10-Mar-22,14164.9,14165.95,14006.9,14110.7,111681062
NIFTY200 QUALITY 30,11-Mar-22,14094.7,14138.8,14015.4,14126.85,87460703
NIFTY200 QUALITY 30,14-Mar-22,14142.55,14227.25,14063.45,14214.55,88729322
NIFTY200 QUALITY 30,15-Mar-22,14237.4,14285.15,13992.35,14060.95,86905017
NIFTY200 QUALITY 30,16-Mar-22,14211.5,14348.7,14173.05,14337.9,67226504
NIFTY200 QUALITY 30,17-Mar-22,14484.8,14517.75,14440.95,14475,115499002
NIFTY200 QUALITY 30,21-Mar-22,14502.9,14528.25,14265.45,14287.85,85538068
NIFTY200 QUALITY 30,22-Mar-22,14278.95,14302.3,14096.7,14292.9,91700763
NIFTY200 QUALITY 30,23-Mar-22,14355.05,14375.3,14242.3,14264.85,95031121
NIFTY200 QUALITY 30,24-Mar-22,14207.1,14345.6,14202.9,14320.85,87518236
NIFTY200 QUALITY 30,25-Mar-22,14374.65,14377.4,14148.9,14226.4,68875578
NIFTY200 QUALITY 30,28-Mar-22,14244.2,14259.95,14070.9,14174.4,73089675
NIFTY200 QUALITY 30,29-Mar-22,14225.95,14272.15,14195.45,14210.5,62489548
NIFTY200 QUALITY 30,30-Mar-22,14332.05,14334.1,14264.15,14317.2,71036896
NIFTY200 QUALITY 30,31-Mar-22,14359.6,14417.1,14331.75,14361.55,71852965
NIFTY200 QUALITY 30,01-Apr-22,14363.8,14478.25,14317.85,14459.1,59345372
NIFTY200 QUALITY 30,04-Apr-22,14495.65,14640.45,14460.25,14629.85,58006169
NIFTY200 QUALITY 30,05-Apr-22,14673.2,14820.4,14652.4,14759.45,70362940
NIFTY200 QUALITY 30,06-Apr-22,14707.55,14741.6,14659.4,14690.7,100631133
NIFTY200 QUALITY 30,07-Apr-22,14670.45,14732.7,14613.15,14629.95,71967768
NIFTY200 QUALITY 30,08-Apr-22,14695.45,14785.8,14635.25,14760.1,92035838
NIFTY200 QUALITY 30,11-Apr-22,14769.15,14776.35,14636.05,14685,93295947
NIFTY200 QUALITY 30,12-Apr-22,14635.7,14636.55,14424.25,14458.6,78126694
NIFTY200 QUALITY 30,13-Apr-22,14501.7,14550.5,14427.65,14486.6,63081944
NIFTY200 QUALITY 30,18-Apr-22,14335.45,14388.6,14283.2,14369.6,101077500
NIFTY200 QUALITY 30,19-Apr-22,14464.65,14509.2,13960,14063.95,133911796
NIFTY200 QUALITY 30,20-Apr-22,14138.25,14248.15,14062.25,14195.15,100422411
NIFTY200 QUALITY 30,21-Apr-22,14249.9,14399.65,14238.3,14381.05,102575224
NIFTY200 QUALITY 30,22-Apr-22,14290.5,14412.4,14260.4,14325,81014422
NIFTY200 QUALITY 30,25-Apr-22,14184.9,14186.3,14040.95,14087.35,84434339
NIFTY200 QUALITY 30,26-Apr-22,14194.55,14324.2,14193.95,14310.75,73280756
NIFTY200 QUALITY 30,27-Apr-22,14219.45,14275.05,14142.7,14251.05,65556649
NIFTY200 QUALITY 30,28-Apr-22,14375.7,14486.7,14275.65,14429.65,90333674
NIFTY200 QUALITY 30,29-Apr-22,14456.6,14470.95,14203.9,14235.6,87537436
NIFTY200 QUALITY 30,02-May-22,14139.55,14175.3,14061.8,14165.5,68224048
NIFTY200 QUALITY 30,04-May-22,14201.5,14265.05,13867.45,13921.6,82176268
NIFTY200 QUALITY 30,05-May-22,14032.1,14100.15,13922.8,13945.7,61837703
NIFTY200 QUALITY 30,06-May-22,13728.2,13833.75,13682.2,13770.45,87998538
NIFTY200 QUALITY 30,09-May-22,13691.6,13701.9,13563.1,13624.9,68825039
NIFTY200 QUALITY 30,10-May-22,13626.05,13721.85,13503.9,13541.4,71869461
NIFTY200 QUALITY 30,11-May-22,13564.55,13611.35,13304.35,13489.65,80486289
NIFTY200 QUALITY 30,12-May-22,13413.3,13423.6,13236.35,13292.9,67417600
NIFTY200 QUALITY 30,13-May-22,13436.15,13628.15,13391.2,13427.05,62174115
NIFTY200 QUALITY 30,16-May-22,13471.75,13505.85,13334.4,13377,41487546
NIFTY200 QUALITY 30,17-May-22,13439.45,13687.5,13404.75,13668.35,83995206
NIFTY200 QUALITY 30,18-May-22,13696.85,13795.2,13679.95,13733.55,76250194
NIFTY200 QUALITY 30,19-May-22,13462.25,13527.05,13323.05,13348.4,139888391
NIFTY200 QUALITY 30,20-May-22,13520.75,13663.75,13497.55,13646.15,78872834
NIFTY200 QUALITY 30,23-May-22,13694.75,13835.25,13628.85,13644.95,62321490
NIFTY200 QUALITY 30,24-May-22,13683.9,13685.9,13423.4,13456.65,61866955
NIFTY200 QUALITY 30,25-May-22,13485.2,13489.2,13156.65,13190.65,68056857
NIFTY200 QUALITY 30,26-May-22,13243.3,13319.25,13041.15,13277.3,90598217
NIFTY200 QUALITY 30,27-May-22,13386.95,13446.15,13322.1,13437,69217199
NIFTY200 QUALITY 30,30-May-22,13555.3,13735.05,13533.75,13712.5,62535507
NIFTY200 QUALITY 30,31-May-22,13703.9,13857.4,13630.6,13794.7,125146339
NIFTY200 QUALITY 30,01-Jun-22,13828.05,13907.9,13606.3,13638.3,79776040
NIFTY200 QUALITY 30,02-Jun-22,13620.45,13705.95,13548.9,13690.9,69417157
NIFTY200 QUALITY 30,03-Jun-22,13781.7,13801.25,13568.7,13580.3,77179914
NIFTY200 QUALITY 30,06-Jun-22,13548.8,13571.4,13390.8,13523.5,66692231
NIFTY200 QUALITY 30,07-Jun-22,13422.05,13449.6,13294,13346.05,49437417
NIFTY200 QUALITY 30,08-Jun-22,13355.45,13387.85,13209.3,13280.8,55517441
NIFTY200 QUALITY 30,09-Jun-22,13217.5,13376.85,13137.95,13365.25,50382106
NIFTY200 QUALITY 30,10-Jun-22,13244.2,13319.75,13211.05,13288.8,45801014
NIFTY200 QUALITY 30,13-Jun-22,13079.55,13123.4,13000.1,13045.5,52338209
NIFTY200 QUALITY 30,14-Jun-22,12976.55,13127.65,12954.8,13007.9,51719378
NIFTY200 QUALITY 30,15-Jun-22,13056.6,13072.5,12996.5,13015.95,44482146
NIFTY200 QUALITY 30,16-Jun-22,13147.85,13151.85,12783.85,12807.75,65680410
NIFTY200 QUALITY 30,17-Jun-22,12742.75,12767.9,12565.2,12648.45,90807679
NIFTY200 QUALITY 30,20-Jun-22,12668.25,12809.75,12604.1,12765.4,71633271
NIFTY200 QUALITY 30,21-Jun-22,12836.1,13011.75,12810.8,12983.55,53869782
NIFTY200 QUALITY 30,22-Jun-22,12939.7,12965,12830.75,12851.3,52741121
NIFTY200 QUALITY 30,23-Jun-22,12900.95,13043.35,12885.2,13027.35,53027254
NIFTY200 QUALITY 30,24-Jun-22,13109.6,13160.6,13068,13122.25,52093537
NIFTY200 QUALITY 30,27-Jun-22,13272.2,13319.25,13229.2,13267.25,46832617
NIFTY200 QUALITY 30,28-Jun-22,13219.35,13295.35,13108.85,13278.05,48923758
NIFTY200 QUALITY 30,29-Jun-22,13161.15,13238.25,13126.55,13184.5,66067242
NIFTY200 QUALITY 30,30-Jun-22,13161.5,13217.9,13043.1,13077.95,79077177
NIFTY200 QUALITY 30,01-Jul-22,13038.45,13327.65,13017.25,13301.3,91916776
NIFTY200 QUALITY 30,04-Jul-22,13306.85,13422.15,13251.95,13411.6,83066084
NIFTY200 QUALITY 30,05-Jul-22,13465.15,13488.4,13343,13362.8,70746304
NIFTY200 QUALITY 30,06-Jul-22,13385.25,13652.5,13356.3,13634.2,75900652
NIFTY200 QUALITY 30,07-Jul-22,13722.1,13794.5,13677.95,13699.95,61808067
NIFTY200 QUALITY 30,08-Jul-22,13769.85,13771.05,13668.55,13734.75,56785914
NIFTY200 QUALITY 30,11-Jul-22,13670.95,13699.2,13606.05,13682.05,58843674
NIFTY200 QUALITY 30,12-Jul-22,13623.7,13671.15,13529.05,13544.7,56492497
NIFTY200 QUALITY 30,13-Jul-22,13608.65,13649.3,13573.8,13612.95,64867619
NIFTY200 QUALITY 30,14-Jul-22,13648.9,13668.75,13443.95,13545.35,60570694
NIFTY200 QUALITY 30,15-Jul-22,13591.5,13661.4,13550.1,13649.2,58121215
NIFTY200 QUALITY 30,18-Jul-22,13750.55,13807.2,13732.65,13798.2,58314172
NIFTY200 QUALITY 30,19-Jul-22,13743.45,13821.65,13722.65,13804.5,55526910
NIFTY200 QUALITY 30,20-Jul-22,13913.1,13999.8,13878.3,13956.95,66093034
NIFTY200 QUALITY 30,21-Jul-22,13954.55,14138.1,13926.9,14114.25,66231949
NIFTY200 QUALITY 30,22-Jul-22,14150.75,14188.75,14036.2,14086.1,59368942
NIFTY200 QUALITY 30,25-Jul-22,14070.35,14084.3,14001.8,14045.3,57172534
NIFTY200 QUALITY 30,26-Jul-22,14035.3,14038.25,13807.65,13822.35,78112448
NIFTY200 QUALITY 30,27-Jul-22,13808.55,14032.2,13799.85,14016.55,55678691
NIFTY200 QUALITY 30,28-Jul-22,14103.4,14223.1,14035.2,14210.4,59248877
NIFTY200 QUALITY 30,29-Jul-22,14297.7,14439.7,14285.15,14420.9,81270195
NIFTY200 QUALITY 30,01-Aug-22,14489.25,14508.85,14392.15,14496.4,68510751
NIFTY200 QUALITY 30,02-Aug-22,14507.7,14556.95,14438.25,14515.95,97131047
NIFTY200 QUALITY 30,03-Aug-22,14511.15,14555.7,14416.55,14523.3,69239470
NIFTY200 QUALITY 30,04-Aug-22,14593.2,14652.8,14432.4,14635.55,72177954
NIFTY200 QUALITY 30,05-Aug-22,14666.1,14712.55,14627.45,14667.45,112920111
NIFTY200 QUALITY 30,08-Aug-22,14684.15,14700.6,14620,14687.75,52804493
NIFTY200 QUALITY 30,10-Aug-22,14728.1,14739.85,14596.8,14658.75,62075356
NIFTY200 QUALITY 30,11-Aug-22,14795.75,14815.15,14713.2,14738.9,87307372
NIFTY200 QUALITY 30,12-Aug-22,14752.3,14753.9,14669.2,14698.9,66501306
NIFTY200 QUALITY 30,16-Aug-22,14770.35,14796.85,14734.1,14779.3,74595454
NIFTY200 QUALITY 30,17-Aug-22,14815.25,14927.7,14801.75,14912.3,67661880
NIFTY200 QUALITY 30,18-Aug-22,14914.3,14940.8,14852.5,14895.75,70603654
NIFTY200 QUALITY 30,19-Aug-22,14906.4,14948.7,14746.05,14780.8,83292905
NIFTY200 QUALITY 30,22-Aug-22,14716.45,14723.35,14561.4,14583.8,68420449
NIFTY200 QUALITY 30,23-Aug-22,14462.35,14604.45,14438.8,14564.2,55814753
NIFTY200 QUALITY 30,24-Aug-22,14543.75,14599.05,14480,14583.25,55235336
NIFTY200 QUALITY 30,25-Aug-22,14643.05,14665.15,14519.95,14540.1,63424541
NIFTY200 QUALITY 30,26-Aug-22,14640,14684.05,14567.3,14593.3,53935751
NIFTY200 QUALITY 30,29-Aug-22,14272.95,14543.5,14253.45,14511.25,68153981
NIFTY200 QUALITY 30,30-Aug-22,14590.85,14804.05,14583.8,14792.25,77357269
NIFTY200 QUALITY 30,01-Sep-22,14628.45,14751.25,14619.95,14675.65,68638133
NIFTY200 QUALITY 30,02-Sep-22,14748.3,14753.6,14608.3,14622.75,64427105
NIFTY200 QUALITY 30,05-Sep-22,14627.45,14657.4,14571.85,14596,51020409
NIFTY200 QUALITY 30,06-Sep-22,14620.9,14655.2,14506.9,14559.25,51288758
NIFTY200 QUALITY 30,07-Sep-22,14506.45,14615.8,14499.8,14607.1,57336436
NIFTY200 QUALITY 30,08-Sep-22,14707.7,14723.05,14609.9,14650.75,53311698
NIFTY200 QUALITY 30,09-Sep-22,14758.4,14760.1,14660.55,14732.75,50113485
NIFTY200 QUALITY 30,12-Sep-22,14795.4,14862.1,14782.55,14819.7,67475746
NIFTY200 QUALITY 30,13-Sep-22,14859.95,14883.1,14806.45,14820.3,58286657
NIFTY200 QUALITY 30,14-Sep-22,14592.6,14732.7,14581.65,14677.65,76667329
NIFTY200 QUALITY 30,15-Sep-22,14730,14752.75,14561.35,14582.15,58135306
NIFTY200 QUALITY 30,16-Sep-22,14553,14562.85,14160.6,14186.15,99456489
NIFTY200 QUALITY 30,19-Sep-22,14217.6,14272.35,14061.4,14225.95,51938786
NIFTY200 QUALITY 30,20-Sep-22,14323.25,14498.75,14313.4,14394.85,52827788
NIFTY200 QUALITY 30,21-Sep-22,14385.3,14503.75,14371.9,14414.4,66446943
NIFTY200 QUALITY 30,22-Sep-22,14370.65,14546.6,14340.35,14507.8,77861268
NIFTY200 QUALITY 30,23-Sep-22,14509.15,14533.3,14382.6,14398.3,71204573
NIFTY200 QUALITY 30,26-Sep-22,14308.5,14389.95,14209.9,14236.35,75230971
NIFTY200 QUALITY 30,27-Sep-22,14306.15,14417.1,14228.45,14345.4,65172334
NIFTY200 QUALITY 30,28-Sep-22,14257.95,14454.8,14228.8,14381.7,65391797
NIFTY200 QUALITY 30,29-Sep-22,14465.3,14478,14234.05,14307.3,71503139
NIFTY200 QUALITY 30,30-Sep-22,14303.4,14359.55,14137.5,14337.4,70885070
NIFTY200 QUALITY 30,03-Oct-22,14343.8,14350.9,14110.95,14138.7,56629763
NIFTY200 QUALITY 30,04-Oct-22,14341.15,14419.4,14298,14409.45,53877358
NIFTY200 QUALITY 30,06-Oct-22,14500.4,14550.7,14442.8,14468.8,70469689
NIFTY200 QUALITY 30,07-Oct-22,14460.6,14501.95,14355.05,14429.05,57228246
NIFTY200 QUALITY 30,10-Oct-22,14234.75,14360.8,14208.8,14348.8,52169306
NIFTY200 QUALITY 30,11-Oct-22,14396.35,14396.35,14025.1,14046.7,79594961
NIFTY200 QUALITY 30,12-Oct-22,14098.25,14211.95,14048.65,14192.45,51634447
NIFTY200 QUALITY 30,13-Oct-22,14206.2,14236.1,14126.1,14160.55,49698655
NIFTY200 QUALITY 30,14-Oct-22,14363.45,14380.8,14223.3,14243.7,56941264
NIFTY200 QUALITY 30,17-Oct-22,14235.2,14311.8,14181.6,14282.95,39187779
NIFTY200 QUALITY 30,18-Oct-22,14368.05,14431.85,14360.35,14418.95,56909671
NIFTY200 QUALITY 30,19-Oct-22,14453.55,14454,14360.8,14391.45,56776253
NIFTY200 QUALITY 30,20-Oct-22,14328.7,14528.1,14320,14511.45,64238070
NIFTY200 QUALITY 30,21-Oct-22,14530.1,14550.9,14373.85,14420.6,69169838
NIFTY200 QUALITY 30,24-Oct-22,14544.75,14549.8,14481.4,14495.7,9963113
NIFTY200 QUALITY 30,25-Oct-22,14526.5,14527.85,14430,14454.45,62715183
NIFTY200 QUALITY 30,27-Oct-22,14506.6,14524.75,14352.9,14432.6,69408942
NIFTY200 QUALITY 30,28-Oct-22,14468.85,14481.2,14349.55,14384.85,53936479
NIFTY200 QUALITY 30,31-Oct-22,14460.1,14546.75,14458.7,14532.9,52504557
NIFTY200 QUALITY 30,01-Nov-22,14595.15,14717.5,14580.25,14707.55,62277950
NIFTY200 QUALITY 30,02-Nov-22,14717.2,14717.8,14627.75,14665.2,63901331
NIFTY200 QUALITY 30,03-Nov-22,14591.25,14654,14575.4,14637.65,44877036
NIFTY200 QUALITY 30,04-Nov-22,14639.55,14652,14552.2,14615.6,41351237
NIFTY200 QUALITY 30,07-Nov-22,14668.55,14744,14567.85,14628.4,60220489
NIFTY200 QUALITY 30,09-Nov-22,14699.15,14707.5,14533.3,14569.1,95171933
NIFTY200 QUALITY 30,10-Nov-22,14506.45,14569.95,14458.3,14520.1,70658529
NIFTY200 QUALITY 30,11-Nov-22,14687.7,14733.35,14601.15,14633.95,75574903
NIFTY200 QUALITY 30,14-Nov-22,14658.55,14716.8,14571.8,14614.3,72633187
NIFTY200 QUALITY 30,15-Nov-22,14644.6,14684.75,14565.2,14669.6,68630157
NIFTY200 QUALITY 30,16-Nov-22,14675.95,14686.35,14577.8,14633.6,49487958
NIFTY200 QUALITY 30,17-Nov-22,14614.8,14618.3,14524.45,14542.65,43863818
NIFTY200 QUALITY 30,18-Nov-22,14577.15,14580,14434.6,14521.85,42593637
NIFTY200 QUALITY 30,21-Nov-22,14505.3,14512.45,14449.85,14475.6,53682360
NIFTY200 QUALITY 30,22-Nov-22,14477.35,14527.5,14430.65,14519.75,42977692
NIFTY200 QUALITY 30,23-Nov-22,14562.55,14567.85,14501.3,14516.4,37660322
NIFTY200 QUALITY 30,24-Nov-22,14569.85,14672.2,14532.85,14646,54710111
NIFTY200 QUALITY 30,25-Nov-22,14675.2,14699.45,14562.85,14690.85,54983637
NIFTY200 QUALITY 30,28-Nov-22,14670.9,14762.4,14663.7,14722.05,59751980
NIFTY200 QUALITY 30,29-Nov-22,14726.1,14880.4,14724.65,14832.45,62812935
NIFTY200 QUALITY 30,30-Nov-22,14838.5,14958.9,14823.75,14912.85,102827829
NIFTY200 QUALITY 30,01-Dec-22,14987.55,15001.35,14957.65,14985.4,81574455
NIFTY200 QUALITY 30,02-Dec-22,14978.2,14985.5,14912.15,14960.55,59891762
NIFTY200 QUALITY 30,05-Dec-22,14971.4,14995.6,14861.35,14939.05,52226994
NIFTY200 QUALITY 30,06-Dec-22,14878.75,14888.9,14827.4,14876,42219473
NIFTY200 QUALITY 30,07-Dec-22,14881.7,14895.1,14812.2,14841.85,50082483
NIFTY200 QUALITY 30,08-Dec-22,14857.05,14896.9,14805.05,14833.35,34986990
NIFTY200 QUALITY 30,09-Dec-22,14872.85,14873.55,14623.8,14705.05,58072065
NIFTY200 QUALITY 30,12-Dec-22,14683.25,14698.3,14575.15,14689.45,54584827
NIFTY200 QUALITY 30,13-Dec-22,14728.95,14733.9,14666.9,14715.3,44996575
NIFTY200 QUALITY 30,14-Dec-22,14755.7,14787.75,14680.2,14706.8,42737077
NIFTY200 QUALITY 30,15-Dec-22,14686.65,14696.35,14525.15,14546.1,41924969
NIFTY200 QUALITY 30,16-Dec-22,14484.95,14507.95,14373.85,14386.25,60428814
NIFTY200 QUALITY 30,19-Dec-22,14386.75,14522.7,14350.75,14512.65,40693388
NIFTY200 QUALITY 30,20-Dec-22,14472.9,14500.55,14339.9,14486.2,43120852
NIFTY200 QUALITY 30,21-Dec-22,14529.45,14600.1,14433.8,14470.5,42830274
NIFTY200 QUALITY 30,22-Dec-22,14525.2,14559.15,14367.3,14413.8,40843908
NIFTY200 QUALITY 30,23-Dec-22,14303.1,14358.45,14113,14131.1,51261411
NIFTY200 QUALITY 30,26-Dec-22,14133.1,14271.8,14079.75,14232.6,35849072
NIFTY200 QUALITY 30,27-Dec-22,14289.8,14328.85,14234.7,14282.95,30575273
NIFTY200 QUALITY 30,28-Dec-22,14257.8,14323.1,14234.1,14300.8,33847843
NIFTY200 QUALITY 30,29-Dec-22,14250.4,14286.25,14180.6,14253.6,39663167
NIFTY200 QUALITY 30,30-Dec-22,14320.2,14332.15,14187.3,14208.25,32510533
NIFTY200 QUALITY 30,02-Jan-23,14243.1,14252.05,14125.6,14169.65,28042342
NIFTY200 QUALITY 30,03-Jan-23,14171.05,14237.7,14149.5,14207.4,32822925
NIFTY200 QUALITY 30,04-Jan-23,14209,14222.95,14109,14126.65,42575571
NIFTY200 QUALITY 30,05-Jan-23,14165,14260.55,14140.95,14219.05,51576514
NIFTY200 QUALITY 30,06-Jan-23,14217.5,14233.8,14069.4,14109.85,47586128
NIFTY200 QUALITY 30,09-Jan-23,14194.5,14289.7,14174.3,14255.2,52911311
NIFTY200 QUALITY 30,10-Jan-23,14246.75,14249.9,14131.15,14177.5,40503837
NIFTY200 QUALITY 30,11-Jan-23,14207.7,14224.7,14069.3,14079.35,40990077
NIFTY200 QUALITY 30,12-Jan-23,14112.1,14129.6,14012.25,14072,44654273
NIFTY200 QUALITY 30,13-Jan-23,14077.4,14130.65,13982.6,14098.9,58491576
NIFTY200 QUALITY 30,16-Jan-23,14142.75,14152.2,14092.45,14127.05,40673714
NIFTY200 QUALITY 30,17-Jan-23,14142.55,14233.35,14124.6,14223.8,48007467
NIFTY200 QUALITY 30,18-Jan-23,14254.95,14307.1,14231.55,14299.05,45638542
NIFTY200 QUALITY 30,19-Jan-23,14262.25,14284.45,14207.85,14231.65,47216260
NIFTY200 QUALITY 30,20-Jan-23,14188.3,14213.25,14089.75,14103.2,66769260
NIFTY200 QUALITY 30,23-Jan-23,14133.9,14269.4,14102.05,14261.55,41310713
NIFTY200 QUALITY 30,24-Jan-23,14294.85,14333.7,14263.45,14277.05,44989194
NIFTY200 QUALITY 30,25-Jan-23,14247.2,14254.3,14141,14163.9,40525074
NIFTY200 QUALITY 30,27-Jan-23,14215.55,14267.75,14008.45,14109.3,60303836
NIFTY200 QUALITY 30,30-Jan-23,14123.45,14168.75,14035.55,14146.65,52252129
NIFTY200 QUALITY 30,31-Jan-23,14177,14183.55,14006.65,14110.95,67292546
NIFTY200 QUALITY 30,01-Feb-23,14184.5,14282.45,14005.65,14172.35,119008053
NIFTY200 QUALITY 30,02-Feb-23,14187.25,14296.85,14162.25,14249.85,96999019
NIFTY200 QUALITY 30,03-Feb-23,14309.95,14310.5,14140.3,14202.05,68112820
NIFTY200 QUALITY 30,06-Feb-23,14166.9,14231.1,14111.75,14222,60736837
NIFTY200 QUALITY 30,07-Feb-23,14228.9,14244.2,14099,14144.65,51329877
NIFTY200 QUALITY 30,08-Feb-23,14173.75,14255.65,14151.05,14243.8,46698574
NIFTY200 QUALITY 30,09-Feb-23,14240.1,14273.35,14201.75,14243.65,42840308
NIFTY200 QUALITY 30,10-Feb-23,14217.7,14231.3,14163.4,14197.8,39247856
NIFTY200 QUALITY 30,13-Feb-23,14206.65,14207.95,14072.45,14088.85,39237206
NIFTY200 QUALITY 30,14-Feb-23,14141.15,14199.6,14106,14142.6,62583317
NIFTY200 QUALITY 30,15-Feb-23,14114.9,14257.05,14055.3,14238.75,51014995
NIFTY200 QUALITY 30,16-Feb-23,14284.75,14402.05,14265.1,14358.7,59213030
NIFTY200 QUALITY 30,17-Feb-23,14301.65,14321.3,14247.95,14281.95,40136353
NIFTY200 QUALITY 30,20-Feb-23,14303.6,14346.6,14238.5,14298.15,40917232
NIFTY200 QUALITY 30,21-Feb-23,14349.55,14354.3,14257.35,14275.8,51103966
NIFTY200 QUALITY 30,22-Feb-23,14223.95,14252,14153.1,14176.7,47487859
NIFTY200 QUALITY 30,23-Feb-23,14210.05,14217.8,14099.3,14141.5,55281151
NIFTY200 QUALITY 30,24-Feb-23,14184.7,14219.1,14113.2,14146.55,40866401
NIFTY200 QUALITY 30,27-Feb-23,14113.5,14115.05,13933.25,13998.45,36496827
NIFTY200 QUALITY 30,28-Feb-23,14017.1,14090.7,13984.25,14025.55,81406615
NIFTY200 QUALITY 30,01-Mar-23,14036.55,14146.5,14036.55,14138.8,40243077
NIFTY200 QUALITY 30,02-Mar-23,14115.8,14129.1,14048.25,14078.95,42556895
NIFTY200 QUALITY 30,03-Mar-23,14141.35,14169.05,14091.7,14110.15,41160344
NIFTY200 QUALITY 30,06-Mar-23,14170.6,14244.15,14161.45,14220.5,49084486
NIFTY200 QUALITY 30,08-Mar-23,14164.95,14218.8,14105.85,14208.1,42018961
NIFTY200 QUALITY 30,09-Mar-23,14222.55,14229.25,14086.5,14101.6,44202829
NIFTY200 QUALITY 30,10-Mar-23,14023.5,14094.5,13951.35,14083.1,33446622
NIFTY200 QUALITY 30,13-Mar-23,14109.85,14202.9,13923.6,13950.75,57722443
NIFTY200 QUALITY 30,14-Mar-23,13957.75,13970.8,13801.5,13855.35,51111579
NIFTY200 QUALITY 30,15-Mar-23,13943.3,13974.25,13856,13865.8,63429894
NIFTY200 QUALITY 30,16-Mar-23,13873.15,13994.1,13821,13952.1,55047390
NIFTY200 QUALITY 30,17-Mar-23,14034.8,14070.7,13979.4,14006.3,110368518
NIFTY200 QUALITY 30,20-Mar-23,13979.75,14004.35,13866.1,13977.55,46582735
NIFTY200 QUALITY 30,21-Mar-23,14012.6,14030.35,13925.95,13941.05,48536857
NIFTY200 QUALITY 30,22-Mar-23,13980.15,14005.7,13938.55,13964.95,38506730
NIFTY200 QUALITY 30,23-Mar-23,13926.65,13953.9,13875.5,13917.05,43825398
NIFTY200 QUALITY 30,24-Mar-23,13938.8,13974.55,13795.5,13816.15,43730103
NIFTY200 QUALITY 30,27-Mar-23,13826.7,13898.35,13785.1,13811.55,40899743
NIFTY200 QUALITY 30,28-Mar-23,13834.4,13846.6,13707.1,13719.65,52175585
NIFTY200 QUALITY 30,29-Mar-23,13728.35,13864.6,13726.7,13841.05,66404739
NIFTY200 QUALITY 30,31-Mar-23,13903.9,14027.95,13893.1,14014.15,56121024
NIFTY200 QUALITY 30,03-Apr-23,14072.15,14084.75,13940.55,14075.75,49455485
NIFTY200 QUALITY 30,05-Apr-23,14063.4,14240.55,14041.3,14231.3,58093642
NIFTY200 QUALITY 30,06-Apr-23,14225.15,14238.8,14166.45,14216.6,93245005
NIFTY200 QUALITY 30,10-Apr-23,14236.6,14272.45,14179.75,14244,52415797
NIFTY200 QUALITY 30,11-Apr-23,14266.15,14300.3,14178.65,14239.15,62983584
NIFTY200 QUALITY 30,12-Apr-23,14270.35,14390.3,14246,14382.4,61755477
NIFTY200 QUALITY 30,13-Apr-23,14343.7,14357.9,14273.35,14291.95,56863912
NIFTY200 QUALITY 30,17-Apr-23,14162.4,14224.65,14049.7,14215.1,108492767
NIFTY200 QUALITY 30,18-Apr-23,14244.05,14278.2,14183.8,14265.9,60537129
NIFTY200 QUALITY 30,19-Apr-23,14269.75,14280.85,14147.5,14168.4,57473873
NIFTY200 QUALITY 30,20-Apr-23,14171.1,14213.05,14131.8,14152.45,42438694
NIFTY200 QUALITY 30,21-Apr-23,14166.4,14244.85,14153.45,14233.95,54608158
NIFTY200 QUALITY 30,24-Apr-23,14261.8,14294.3,14201.3,14287.35,38819988
NIFTY200 QUALITY 30,25-Apr-23,14293.45,14342.6,14255.2,14320.15,40352514
NIFTY200 QUALITY 30,26-Apr-23,14316.7,14385.5,14291.35,14373.7,42883077
NIFTY200 QUALITY 30,27-Apr-23,14391.65,14458.55,14374.95,14448.3,50230467
NIFTY200 QUALITY 30,28-Apr-23,14449.35,14617.5,14421,14596.3,63806977
NIFTY200 QUALITY 30,02-May-23,14623.25,14684.8,14611.15,14644.25,51005896
NIFTY200 QUALITY 30,03-May-23,14620.8,14680.3,14579.7,14654.25,42969245
NIFTY200 QUALITY 30,04-May-23,14655.05,14732.4,14621.45,14719,45904237
NIFTY200 QUALITY 30,05-May-23,14735.65,14782.25,14679.2,14716.55,60442582
NIFTY200 QUALITY 30,08-May-23,14758.35,14819.4,14747.45,14808.65,52297014
NIFTY200 QUALITY 30,09-May-23,14838.85,14906.35,14809.6,14852.5,54556328
NIFTY200 QUALITY 30,10-May-23,14890.35,14904.5,14836.4,14895.7,48569492
NIFTY200 QUALITY 30,11-May-23,14955.9,14977.9,14910.9,14965.55,54520775
NIFTY200 QUALITY 30,12-May-23,14962.3,15056.1,14899.9,14973.25,50188495
NIFTY200 QUALITY 30,15-May-23,14982.7,15106.65,14944.2,15050.6,52077679
NIFTY200 QUALITY 30,16-May-23,15079.7,15140.9,15028.45,15041.2,45398862
NIFTY200 QUALITY 30,17-May-23,15042.2,15055.7,14924.35,14984.05,52937556
NIFTY200 QUALITY 30,18-May-23,15043.2,15057.35,14865.55,14877.9,55958494
NIFTY200 QUALITY 30,19-May-23,14927.85,14932.95,14819.35,14867.75,62805336
NIFTY200 QUALITY 30,22-May-23,14870.6,15039.9,14831.1,15032,52531355
NIFTY200 QUALITY 30,23-May-23,15043.8,15102.2,15014.35,15023.85,39688375
NIFTY200 QUALITY 30,24-May-23,14983.65,15060.35,14972.65,15037.1,37781349
NIFTY200 QUALITY 30,25-May-23,15046.7,15124.35,15020.3,15102.85,47148999
NIFTY200 QUALITY 30,26-May-23,15061.95,15218.75,15061.8,15211.9,46156887
NIFTY200 QUALITY 30,29-May-23,15305.3,15310.9,15227.45,15242.9,49810729
NIFTY200 QUALITY 30,30-May-23,15258.95,15289.55,15230.2,15261.5,48528094
NIFTY200 QUALITY 30,31-May-23,15267.2,15330.2,15247.25,15285.35,99311515
NIFTY200 QUALITY 30,01-Jun-23,15308.9,15394.8,15276.45,15331.75,69818103
NIFTY200 QUALITY 30,02-Jun-23,15369.65,15396.25,15321.5,15339.95,77294789
NIFTY200 QUALITY 30,05-Jun-23,15374.3,15406.5,15291.05,15301.85,50517649
NIFTY200 QUALITY 30,06-Jun-23,15285.3,15294.1,15158.8,15232.1,61450410
NIFTY200 QUALITY 30,07-Jun-23,15291.6,15401.85,15277.5,15392.65,61051035
NIFTY200 QUALITY 30,08-Jun-23,15409.55,15418.45,15232.2,15248.75,63820497
NIFTY200 QUALITY 30,09-Jun-23,15234.8,15261.05,15058.7,15070.25,183515880
NIFTY200 QUALITY 30,12-Jun-23,15086.1,15213.35,15065.25,15195.5,70887224
NIFTY200 QUALITY 30,13-Jun-23,15241.15,15361.8,15233.45,15339.3,62880172
NIFTY200 QUALITY 30,14-Jun-23,15364.3,15370.3,15303.9,15355.75,46516846
NIFTY200 QUALITY 30,15-Jun-23,15379.9,15456.25,15362.5,15387.45,50160096
NIFTY200 QUALITY 30,16-Jun-23,15413.4,15469.75,15383.9,15432.8,65450773
NIFTY200 QUALITY 30,19-Jun-23,15449.4,15480.4,15399.3,15409.9,46119334
NIFTY200 QUALITY 30,20-Jun-23,15410.95,15512.45,15359.75,15493.65,54863722
NIFTY200 QUALITY 30,21-Jun-23,15529.75,15553.9,15459.45,15483.1,44101430
NIFTY200 QUALITY 30,22-Jun-23,15489,15492.7,15363.8,15371.85,46179337
NIFTY200 QUALITY 30,23-Jun-23,15370.1,15376.8,15250.2,15286.2,44689129
NIFTY200 QUALITY 30,26-Jun-23,15286.85,15378.5,15280.45,15364.6,35796947
NIFTY200 QUALITY 30,27-Jun-23,15388.8,15437.35,15370.65,15410.5,36947580
NIFTY200 QUALITY 30,28-Jun-23,15455.2,15469.25,15411.55,15443,65277016
NIFTY200 QUALITY 30,30-Jun-23,15506.9,15657.85,15506.75,15648.8,59661599
NIFTY200 QUALITY 30,03-Jul-23,15681.9,15694.4,15598.55,15642.45,45511491
NIFTY200 QUALITY 30,04-Jul-23,15694.45,15706.2,15619.75,15691.05,33460738
NIFTY200 QUALITY 30,05-Jul-23,15749.7,15957.75,15716.6,15941.75,53504836
NIFTY200 QUALITY 30,06-Jul-23,15960.15,15992.85,15915.75,15983.4,47016384
NIFTY200 QUALITY 30,07-Jul-23,15944.15,15995.2,15763.35,15785.45,45199547
NIFTY200 QUALITY 30,10-Jul-23,15820.2,15822.3,15660,15692.4,37372162
NIFTY200 QUALITY 30,11-Jul-23,15737.75,15845.4,15691.45,15806.4,47757163
NIFTY200 QUALITY 30,12-Jul-23,15849,15849.5,15717.5,15770.7,59556531
NIFTY200 QUALITY 30,13-Jul-23,15810.1,15903.1,15734.6,15765.75,72204826
NIFTY200 QUALITY 30,14-Jul-23,15832.6,16091.15,15821.2,16066.95,59016288
NIFTY200 QUALITY 30,17-Jul-23,16088.7,16187.35,16027.1,16066.75,46847080
NIFTY200 QUALITY 30,18-Jul-23,16094.6,16117.8,16030.45,16098.05,54096670
NIFTY200 QUALITY 30,19-Jul-23,16137.4,16174.8,16058.75,16121.45,55564586
NIFTY200 QUALITY 30,20-Jul-23,16126.9,16186.55,16041.7,16172.15,54221224
NIFTY200 QUALITY 30,21-Jul-23,15980.3,16076.8,15923.95,15954.2,101417184
NIFTY200 QUALITY 30,24-Jul-23,15976.7,16022.25,15901.15,15916.3,77359044
NIFTY200 QUALITY 30,25-Jul-23,15955.7,15955.85,15797.45,15850.95,82490644
NIFTY200 QUALITY 30,26-Jul-23,15900.25,15922.6,15855.2,15871.25,50535182
NIFTY200 QUALITY 30,27-Jul-23,15889.4,15961,15829.6,15880.95,77953377
NIFTY200 QUALITY 30,28-Jul-23,15910.5,15961.1,15870.35,15941.85,57684276
NIFTY200 QUALITY 30,31-Jul-23,15917.2,15996.5,15878.7,15980.5,64018170
NIFTY200 QUALITY 30,01-Aug-23,16025.15,16074.15,15985.35,16057.05,60479189
NIFTY200 QUALITY 30,02-Aug-23,16050.85,16056.6,15879.7,15972.45,68362882
NIFTY200 QUALITY 30,03-Aug-23,15946.6,15985.2,15832.2,15892.45,58889048
NIFTY200 QUALITY 30,04-Aug-23,15954.2,16043.8,15945,15985.8,47853735
NIFTY200 QUALITY 30,07-Aug-23,16014.6,16071.35,15967.95,16065.75,37531945
NIFTY200 QUALITY 30,08-Aug-23,16091.05,16119.7,15997.8,16054.85,47707528
NIFTY200 QUALITY 30,09-Aug-23,16079.95,16087.75,15988.2,16078.75,70615525
NIFTY200 QUALITY 30,10-Aug-23,16071.6,16086,15944.85,15996.15,54292407
NIFTY200 QUALITY 30,11-Aug-23,16035.5,16045.25,15920.3,15939.8,49944941
NIFTY200 QUALITY 30,14-Aug-23,15915.7,15954.95,15748.55,15938.25,38696429
NIFTY200 QUALITY 30,16-Aug-23,15942.35,16002.35,15894.55,15989.55,45113601
NIFTY200 QUALITY 30,17-Aug-23,15994.05,15997.05,15867.05,15929.9,48474264
NIFTY200 QUALITY 30,18-Aug-23,15883.8,15890.05,15767.75,15807.15,51113213
NIFTY200 QUALITY 30,21-Aug-23,15799.85,15916.4,15779.9,15901.15,32169849
NIFTY200 QUALITY 30,22-Aug-23,15929.2,15934.95,15867.75,15902.15,32195108
NIFTY200 QUALITY 30,23-Aug-23,15959.6,15979.05,15913.8,15923.65,37197953
NIFTY200 QUALITY 30,24-Aug-23,15998.5,16022.35,15943.25,15957,39494091
NIFTY200 QUALITY 30,25-Aug-23,15911.65,15950.9,15825.9,15854.05,43582961
NIFTY200 QUALITY 30,28-Aug-23,15878.55,15893.65,15794.9,15851.1,30070038
NIFTY200 QUALITY 30,29-Aug-23,15882.95,15938.4,15876.1,15927.3,37449715
NIFTY200 QUALITY 30,30-Aug-23,15994.1,16033.65,15966.4,15980.1,34966351
NIFTY200 QUALITY 30,31-Aug-23,16024.4,16044.7,15888.5,15929.5,90930545
NIFTY200 QUALITY 30,01-Sep-23,15943.05,16001,15927.7,15992.65,49284358
NIFTY200 QUALITY 30,04-Sep-23,16034.6,16101.3,15981.95,16088.25,66832102
NIFTY200 QUALITY 30,05-Sep-23,16127.75,16221,16109.35,16209.7,53109257
NIFTY200 QUALITY 30,06-Sep-23,16232.7,16305.95,16200.6,16292.9,50170625
NIFTY200 QUALITY 30,07-Sep-23,16293.25,16439.25,16267.75,16431.05,107786655
NIFTY200 QUALITY 30,08-Sep-23,16455.8,16517.2,16432.3,16495.85,74569307
NIFTY200 QUALITY 30,11-Sep-23,16545.6,16601.85,16527.2,16592.75,45107642
NIFTY200 QUALITY 30,12-Sep-23,16641.15,16643.3,16397.65,16527.2,64361200
NIFTY200 QUALITY 30,13-Sep-23,16515.3,16535.7,16421.6,16524.7,51143159
NIFTY200 QUALITY 30,14-Sep-23,16573.8,16646.45,16507.55,16564.8,55983573
NIFTY200 QUALITY 30,15-Sep-23,16601.25,16705.85,16586.3,16693.8,71071793
NIFTY200 QUALITY 30,18-Sep-23,16700.7,16728.6,16622.6,16704.35,40830889
NIFTY200 QUALITY 30,20-Sep-23,16620.65,16730.2,16600,16636.6,54976381
NIFTY200 QUALITY 30,21-Sep-23,16614.25,16622.9,16512.95,16568.3,49783260
NIFTY200 QUALITY 30,22-Sep-23,16548,16645.2,16492.8,16580.1,44423300
NIFTY200 QUALITY 30,25-Sep-23,16580.8,16614.2,16501.45,16549.7,38846107
NIFTY200 QUALITY 30,26-Sep-23,16557.15,16597.65,16521.05,16573.8,38415659
NIFTY200 QUALITY 30,27-Sep-23,16580.8,16641.95,16507.45,16632.85,44322041
NIFTY200 QUALITY 30,28-Sep-23,16639.5,16647.4,16227.8,16264.45,59769128
NIFTY200 QUALITY 30,29-Sep-23,16288.3,16452.75,16269.4,16391.8,44483141
NIFTY200 QUALITY 30,03-Oct-23,16413.6,16428.55,16313.75,16340.5,48606830
NIFTY200 QUALITY 30,04-Oct-23,16310.1,16329.15,16203.4,16318.1,46254313
NIFTY200 QUALITY 30,05-Oct-23,16379.45,16398.5,16312.7,16367,55231214
NIFTY200 QUALITY 30,06-Oct-23,16440.4,16445.3,16376.35,16424.95,33168108
NIFTY200 QUALITY 30,09-Oct-23,16319.45,16446.2,16307.55,16375.95,35654270
NIFTY200 QUALITY 30,10-Oct-23,16420.85,16533.7,16395.4,16526.4,49246917
NIFTY200 QUALITY 30,11-Oct-23,16588.75,16653.85,16562.35,16577.15,47799650
NIFTY200 QUALITY 30,12-Oct-23,16616.8,16624.9,16519.2,16537.5,63850221
NIFTY200 QUALITY 30,13-Oct-23,16446.2,16611.55,16444.15,16546.1,61420566
NIFTY200 QUALITY 30,16-Oct-23,16532.3,16589.25,16500.75,16557.65,41541087
NIFTY200 QUALITY 30,17-Oct-23,16615.25,16654.9,16577.75,16631.6,38108913
NIFTY200 QUALITY 30,18-Oct-23,16627,16645.2,16509.4,16524,41866320
NIFTY200 QUALITY 30,19-Oct-23,16474.15,16633.35,16447.25,16610.8,56680388
NIFTY200 QUALITY 30,20-Oct-23,16536.55,16553.8,16442.7,16462.55,72879888
NIFTY200 QUALITY 30,23-Oct-23,16425.15,16470.8,16202.85,16231.35,39452937
NIFTY200 QUALITY 30,25-Oct-23,16221.3,16305.05,16105.9,16158.25,46386201
NIFTY200 QUALITY 30,26-Oct-23,16062.05,16076.9,15900.05,15926.6,70072794
NIFTY200 QUALITY 30,27-Oct-23,15966.35,16133.8,15961.3,16097.25,50048217
NIFTY200 QUALITY 30,30-Oct-23,16100.65,16135.5,15987.65,16061.6,35064845
NIFTY200 QUALITY 30,31-Oct-23,16117.05,16167.75,16059.7,16114.9,42278777
NIFTY200 QUALITY 30,01-Nov-23,16126.85,16162.65,15953.6,15967.2,40864900
NIFTY200 QUALITY 30,02-Nov-23,16077.8,16121.25,16037.3,16088.85,40392505
NIFTY200 QUALITY 30,03-Nov-23,16178.05,16215.3,16147.65,16192.95,42414403
NIFTY200 QUALITY 30,06-Nov-23,16257.25,16363.95,16235.7,16351.8,39370157
NIFTY200 QUALITY 30,07-Nov-23,16345.2,16359.65,16307.65,16344.25,30684602
NIFTY200 QUALITY 30,08-Nov-23,16398.65,16423.7,16368.5,16409.65,32043130
NIFTY200 QUALITY 30,09-Nov-23,16441.3,16442.55,16360.85,16371.85,50856675
NIFTY200 QUALITY 30,10-Nov-23,16338.4,16346.4,16275.35,16331.4,30833939
NIFTY200 QUALITY 30,12-Nov-23,16450.3,16463.95,16420.7,16434.6,13637190
NIFTY200 QUALITY 30,13-Nov-23,16409.95,16424.05,16346.25,16408.15,62141008
NIFTY200 QUALITY 30,15-Nov-23,16564.35,16584.1,16473.85,16571.6,78431391
NIFTY200 QUALITY 30,16-Nov-23,16612.6,16777.75,16561.3,16717.05,59161072
NIFTY200 QUALITY 30,17-Nov-23,16741.05,16892.45,16738.9,16847.75,49621501
NIFTY200 QUALITY 30,20-Nov-23,16874.75,16944.8,16839.05,16872.2,45990211
NIFTY200 QUALITY 30,21-Nov-23,16928.5,16940.3,16874.05,16898.35,41272086
NIFTY200 QUALITY 30,22-Nov-23,16904.9,16972.2,16852.8,16927.1,29654608
NIFTY200 QUALITY 30,23-Nov-23,16966.4,17018.4,16933.2,16957.85,32598994
NIFTY200 QUALITY 30,24-Nov-23,16969.95,16998.55,16884.5,16899,31573069
NIFTY200 QUALITY 30,28-Nov-23,16924.8,16977.6,16862,16961.9,42537091
NIFTY200 QUALITY 30,29-Nov-23,17006.2,17111.1,17001,17103.2,53076181
NIFTY200 QUALITY 30,30-Nov-23,17127.65,17204,17076.15,17185.2,78522823
NIFTY200 QUALITY 30,01-Dec-23,17253.1,17314.45,17219.45,17305.35,59773363
NIFTY200 QUALITY 30,04-Dec-23,17446.6,17462.8,17354.65,17395,62203083
NIFTY200 QUALITY 30,05-Dec-23,17430.9,17433.2,17293.1,17369.05,56887748
NIFTY200 QUALITY 30,06-Dec-23,17429.9,17531.7,17400.65,17466.65,67282140
NIFTY200 QUALITY 30,07-Dec-23,17507.25,17510.15,17421.95,17464.55,48852011
NIFTY200 QUALITY 30,08-Dec-23,17516.75,17550.5,17369.35,17424.9,64574674
NIFTY200 QUALITY 30,11-Dec-23,17446.6,17494.6,17399.7,17481.45,41952378
NIFTY200 QUALITY 30,12-Dec-23,17504.45,17584.4,17427.85,17481.4,46541134
NIFTY200 QUALITY 30,13-Dec-23,17516.45,17531.1,17338.05,17497.25,53315964
NIFTY200 QUALITY 30,14-Dec-23,17628.65,17711.05,17587.15,17680,69590806
NIFTY200 QUALITY 30,15-Dec-23,17768.7,17924.2,17743.25,17899.3,91933722
NIFTY200 QUALITY 30,18-Dec-23,17891.55,17998.5,17837.2,17915.25,50971435
NIFTY200 QUALITY 30,19-Dec-23,17946.85,18059.45,17841.05,18039.85,66237015
NIFTY200 QUALITY 30,20-Dec-23,18114.05,18185.75,17637.85,17690.2,76136651
NIFTY200 QUALITY 30,21-Dec-23,17578.2,17799.55,17531.15,17763.05,55340833
NIFTY200 QUALITY 30,22-Dec-23,17844.15,18036.8,17803.2,18018.3,57212310
NIFTY200 QUALITY 30,26-Dec-23,18027.2,18147.1,17987.05,18135.35,42111939
NIFTY200 QUALITY 30,27-Dec-23,18175.85,18247.45,18110.15,18233.65,41256967
NIFTY200 QUALITY 30,28-Dec-23,18275.35,18439.25,18245.45,18420,80132372
NIFTY200 QUALITY 30,29-Dec-23,18420.7,18469.05,18350.6,18453.1,78399653
NIFTY200 QUALITY 30,01-Jan-24,18470.1,18564.9,18449.25,18501.75,64031062
NIFTY200 QUALITY 30,02-Jan-24,18529.9,18539.2,18297.5,18477.6,91284017
NIFTY200 QUALITY 30,03-Jan-24,18433.45,18451.7,18319.3,18366.05,91958367
NIFTY200 QUALITY 30,04-Jan-24,18430.55,18479,18373.8,18450.25,86674351
NIFTY200 QUALITY 30,05-Jan-24,18528.6,18558.8,18433.65,18478.95,85900261
NIFTY200 QUALITY 30,08-Jan-24,18511.95,18521.15,18244.15,18258.95,65792666
NIFTY200 QUALITY 30,09-Jan-24,18420.75,18443.2,18275.35,18293.45,57898468
NIFTY200 QUALITY 30,10-Jan-24,18287.2,18330.75,18178.7,18307.7,60988674
NIFTY200 QUALITY 30,11-Jan-24,18371.95,18438.95,18343.25,18395.45,70536900
NIFTY200 QUALITY 30,12-Jan-24,18532.85,18645.1,18474,18612.75,93630090
NIFTY200 QUALITY 30,15-Jan-24,18779.55,18820.8,18712.8,18794.85,93535952
NIFTY200 QUALITY 30,16-Jan-24,18798.7,18807,18595.6,18692.45,75601371
NIFTY200 QUALITY 30,17-Jan-24,18567.45,18696.1,18549.05,18597.55,82601849
NIFTY200 QUALITY 30,18-Jan-24,18530.8,18567.8,18153.15,18450.65,90633693
NIFTY200 QUALITY 30,19-Jan-24,18580.75,18669.25,18530.75,18643.15,96176573
NIFTY200 QUALITY 30,20-Jan-24,18719.3,18728.25,18573.85,18584.5,73900806
NIFTY200 QUALITY 30,23-Jan-24,18656.75,18669.7,18128.25,18175.85,114207102
NIFTY200 QUALITY 30,24-Jan-24,18248.15,18481.95,18121.05,18463.4,104045033
NIFTY200 QUALITY 30,25-Jan-24,18491,18491,18258.8,18317.25,99660520
NIFTY200 QUALITY 30,29-Jan-24,18321.95,18504.15,18310.4,18489.5,109197194
NIFTY200 QUALITY 30,30-Jan-24,18567.6,18614.95,18326.15,18342,113806240
NIFTY200 QUALITY 30,31-Jan-24,18374.35,18515.9,18335.5,18503.25,111751622
NIFTY200 QUALITY 30,01-Feb-24,18551,18642.5,18418.85,18441.05,107787050
NIFTY200 QUALITY 30,02-Feb-24,18526.45,18725.3,18523.25,18602.2,107369380
NIFTY200 QUALITY 30,05-Feb-24,18678,18731.65,18508.3,18543.3,95760438
NIFTY200 QUALITY 30,06-Feb-24,18596.25,18747.6,18550.25,18734.25,82855642
NIFTY200 QUALITY 30,07-Feb-24,18840.85,18851.4,18645.75,18726.55,74501171
NIFTY200 QUALITY 30,08-Feb-24,18781.15,18794,18587.7,18641.4,131657016
NIFTY200 QUALITY 30,09-Feb-24,18681.05,18696.9,18435.85,18641.05,99830809
NIFTY200 QUALITY 30,12-Feb-24,18681.95,18713.1,18451.7,18492.7,79864960
NIFTY200 QUALITY 30,13-Feb-24,18556.15,18680.95,18434.95,18665.1,90222827
NIFTY200 QUALITY 30,14-Feb-24,18555.35,18794.55,18472.2,18755.95,81630473
NIFTY200 QUALITY 30,15-Feb-24,18829.75,18884.25,18734.3,18801,85936542
NIFTY200 QUALITY 30,16-Feb-24,18898.7,18952.5,18856.9,18939.9,110885718
NIFTY200 QUALITY 30,19-Feb-24,18990,19021.75,18876.85,18895.05,83907503
NIFTY200 QUALITY 30,20-Feb-24,18867.35,18875.55,18698.55,18796.15,83824725
NIFTY200 QUALITY 30,21-Feb-24,18815.85,18825.7,18568.8,18620.35,87580981
NIFTY200 QUALITY 30,22-Feb-24,18697.6,18880.9,18549.7,18854.6,107282148
NIFTY200 QUALITY 30,23-Feb-24,18930.3,18938.65,18856.5,18881.7,131008560
NIFTY200 QUALITY 30,26-Feb-24,18860,18871.3,18703.25,18734.8,75392027
NIFTY200 QUALITY 30,27-Feb-24,18739.1,18833.65,18701.65,18770.55,81548279
NIFTY200 QUALITY 30,28-Feb-24,18793.3,18810.7,18575,18626.7,90628443
NIFTY200 QUALITY 30,29-Feb-24,18603,18733.25,18465.55,18668.55,104925597
NIFTY200 QUALITY 30,01-Mar-24,18719.9,18774.35,18706.3,18732.15,66358481
NIFTY200 QUALITY 30,02-Mar-24,18799.45,18846.95,18745.7,18791.3,5934329
NIFTY200 QUALITY 30,04-Mar-24,18822.95,18846.4,18737.45,18804.2,83002278
NIFTY200 QUALITY 30,05-Mar-24,18789.55,18804.55,18653.3,18706.9,75177404
NIFTY200 QUALITY 30,06-Mar-24,18709.4,18800.15,18482.35,18778.9,92296350
NIFTY200 QUALITY 30,07-Mar-24,18795.35,18971.15,18769.95,18937.1,112494724
NIFTY200 QUALITY 30,11-Mar-24,19005.85,19008.75,18878.75,18909.85,82764623
NIFTY200 QUALITY 30,12-Mar-24,18889.35,18927.9,18715.5,18758.65,106654710
NIFTY200 QUALITY 30,13-Mar-24,18843.55,18902.75,18260.75,18390.9,202456686
NIFTY200 QUALITY 30,14-Mar-24,18350.55,18763.95,18255.25,18738.2,125164128
NIFTY200 QUALITY 30,15-Mar-24,18717.7,18746.6,18453.4,18628.8,236893690
NIFTY200 QUALITY 30,18-Mar-24,18639.6,18685.15,18520.65,18583.3,72938661
NIFTY200 QUALITY 30,19-Mar-24,18516.85,18521.65,18197.65,18214.2,98507690
NIFTY200 QUALITY 30,20-Mar-24,18236.7,18296.65,18106.45,18210.9,70043645
NIFTY200 QUALITY 30,21-Mar-24,18321.75,18490.15,18313.85,18466.2,113604732
NIFTY200 QUALITY 30,22-Mar-24,18342.6,18520.25,18255.65,18470.7,131860235
NIFTY200 QUALITY 30,26-Mar-24,18390.25,18560.6,18389.55,18536.45,85614375
NIFTY200 QUALITY 30,27-Mar-24,18587.95,18597.45,18450.1,18469.05,101979019
NIFTY200 QUALITY 30,28-Mar-24,18513.75,18704.7,18443.75,18598.05,108674884
